timestamp,track_id,name,score
timestamp,track_id,name,score
timestamp,track_id,name,score
timestamp,track_id,name,score
timestamp,track_id,name,score
timestamp,track_id,name,score
timestamp,track_id,name,score
timestamp,track_id,name,score
timestamp,track_id,name,score
timestamp,track_id,name,score
timestamp,track_id,name,score
1763807586.0206468,1,Koushik,0.766
1763807586.0206609,2,Unknown,0.444
1763807586.020663,3,Unknown,0.090
1763807586.2156942,1,Koushik,0.827
1763807586.2157,2,Unknown,0.392
1763807586.215701,3,Unknown,0.097
1763807586.407715,1,Koushik,0.896
1763807586.407723,2,Unknown,0.373
1763807586.407725,3,Unknown,0.095
1763807586.570231,1,Koushik,0.898
1763807586.570237,2,Unknown,0.358
1763807586.570239,3,Unknown,0.090
1763807586.733763,1,Koushik,0.872
1763807586.733769,2,Unknown,0.358
1763807586.73377,3,Unknown,0.102
1763807586.920782,1,Koushik,0.868
1763807586.92079,2,Unknown,0.366
1763807586.920792,3,Unknown,0.124
1763807587.1194382,1,Koushik,0.837
1763807587.119444,2,Unknown,0.429
1763807587.119446,3,Unknown,0.091
1763807587.309501,1,Koushik,0.865
1763807587.30951,2,Unknown,0.461
1763807587.309512,3,Unknown,0.105
1763807587.490012,1,Koushik,0.818
1763807587.490019,2,Unknown,0.423
1763807587.4900212,3,Unknown,0.109
1763807587.6757681,1,Koushik,0.779
1763807587.675773,2,Unknown,0.415
1763807587.675775,3,Unknown,0.117
1763807587.8414762,1,Koushik,0.817
1763807587.841484,2,Unknown,0.369
1763807587.841486,3,Unknown,0.092
1763807588.0071192,1,Koushik,0.792
1763807588.007125,2,Unknown,0.336
1763807588.007127,3,Unknown,0.098
1763807588.1731572,1,Koushik,0.807
1763807588.173169,2,Unknown,0.336
1763807588.173171,3,Unknown,0.017
1763807588.358258,1,Koushik,0.841
1763807588.358264,2,Unknown,0.329
1763807588.3582652,3,Unknown,0.072
1763807588.553356,1,Koushik,0.828
1763807588.553362,2,Unknown,0.422
1763807588.5533628,3,Unknown,0.106
1763807588.7501209,1,Koushik,0.857
1763807588.750129,2,Unknown,0.426
1763807588.750131,3,Unknown,0.114
1763807588.953366,1,Koushik,0.817
1763807588.953373,2,Unknown,0.388
1763807588.9533749,3,Unknown,0.129
1763807589.147212,1,Koushik,0.813
1763807589.147218,2,Unknown,0.389
1763807589.147219,3,Unknown,0.108
1763807589.317781,1,Koushik,0.839
1763807589.317787,2,Unknown,0.422
1763807589.317788,3,Unknown,0.131
1763807589.520041,1,Koushik,0.850
1763807589.5200472,2,Unknown,0.402
1763807589.5200489,3,Unknown,0.162
1763807589.720053,1,Koushik,0.854
1763807589.720059,2,Unknown,0.415
1763807589.7200608,3,Unknown,0.164
1763807589.92465,1,Koushik,0.873
1763807589.9246569,2,Unknown,0.419
1763807589.9246578,3,Unknown,0.132
1763807590.121134,1,Koushik,0.871
1763807590.12114,2,Unknown,0.428
1763807590.121142,3,Unknown,0.127
1763807590.318785,1,Koushik,0.868
1763807590.3187919,2,Unknown,0.458
1763807590.318794,3,Unknown,0.124
1763807590.518951,1,Koushik,0.844
1763807590.518956,2,Unknown,0.421
1763807590.518958,3,Unknown,0.138
1763807590.712502,1,Koushik,0.800
1763807590.712509,2,Unknown,0.451
1763807590.712511,3,Unknown,0.125
1763807590.8864992,1,Koushik,0.630
1763807590.886506,2,Unknown,0.437
1763807590.886507,3,Unknown,0.129
1763807591.085508,1,Koushik,0.704
1763807591.085514,2,Unknown,0.407
1763807591.085516,3,Unknown,0.139
1763807591.281461,1,Koushik,0.788
1763807591.281468,2,Unknown,0.430
1763807591.2814689,3,Unknown,0.149
1763807591.452584,1,Koushik,0.694
1763807591.45259,2,Unknown,0.512
1763807591.4525912,3,Unknown,0.131
1763807591.648242,1,Koushik,0.822
1763807591.6482491,2,Unknown,0.534
1763807591.648252,3,Unknown,0.151
1763807591.8136818,1,Koushik,0.835
1763807591.813688,2,Unknown,0.461
1763807591.813689,3,Unknown,0.158
1763807591.98324,1,Koushik,0.835
1763807591.983247,2,Unknown,0.393
1763807591.983249,3,Unknown,0.144
1763807592.158283,1,Koushik,0.821
1763807592.15829,2,Unknown,0.412
1763807592.1582909,3,Unknown,0.083
1763807592.352872,1,Koushik,0.833
1763807592.3528802,2,Unknown,0.392
1763807592.352882,3,Unknown,0.095
1763807592.544897,1,Koushik,0.791
1763807592.5449028,2,Unknown,0.419
1763807592.544905,3,Unknown,0.144
1763807592.719937,1,Koushik,0.859
1763807592.7199428,2,Unknown,0.394
1763807592.719945,3,Unknown,0.115
1763807592.9097311,1,Koushik,0.875
1763807592.909736,2,Unknown,0.439
1763807592.9097369,3,Unknown,0.149
1763807593.077124,1,Koushik,0.839
1763807593.077128,2,Unknown,0.409
1763807593.07713,3,Unknown,0.172
1763807593.255816,1,Koushik,0.832
1763807593.255821,2,Unknown,0.420
1763807593.2558222,3,Unknown,0.149
1763807593.442554,1,Koushik,0.847
1763807593.44256,2,Unknown,0.405
1763807593.442562,3,Unknown,0.150
1763807593.607032,1,Koushik,0.639
1763807593.607043,2,Unknown,0.436
1763807593.6070452,3,Unknown,0.147
1763807593.789454,1,Koushik,0.614
1763807593.789463,2,Unknown,0.399
1763807593.7894661,3,Unknown,0.149
1763807593.97661,1,Koushik,0.714
1763807593.976616,2,Unknown,0.419
1763807593.976618,3,Unknown,0.131
1763807594.152,1,Koushik,0.726
1763807594.152009,2,Unknown,0.496
1763807594.15201,3,Unknown,0.127
1763807594.337143,1,Koushik,0.708
1763807594.337149,2,Unknown,0.424
1763807594.337151,3,Unknown,0.160
1763807594.496856,1,Koushik,0.658
1763807594.496862,2,Unknown,0.498
1763807594.496863,3,Unknown,0.201
1763807594.673111,1,Koushik,0.744
1763807594.673122,2,Unknown,0.478
1763807594.6731231,3,Unknown,0.137
1763807594.836319,1,Koushik,0.770
1763807594.8363252,2,Unknown,0.288
1763807594.836326,3,Unknown,0.147
1763807595.009522,1,Koushik,0.714
1763807595.009532,2,Unknown,0.380
1763807595.009534,3,Unknown,0.169
1763807595.184381,1,Koushik,0.773
1763807595.1843898,2,Unknown,0.363
1763807595.184392,3,Unknown,0.119
1763807595.3768861,1,Koushik,0.833
1763807595.376895,2,Unknown,0.371
1763807595.376897,3,Unknown,0.131
1763807595.541881,1,Koushik,0.856
1763807595.541889,2,Unknown,0.421
1763807595.541891,3,Unknown,0.143
1763807595.70594,1,Koushik,0.880
1763807595.7059462,2,Unknown,0.440
1763807595.705947,3,Unknown,0.117
1763807595.8851578,1,Koushik,0.850
1763807595.885164,2,Unknown,0.440
1763807595.885165,3,Unknown,0.124
1763807596.079136,1,Koushik,0.868
1763807596.0791419,2,Unknown,0.414
1763807596.079144,3,Unknown,0.134
1763807596.252096,1,Koushik,0.840
1763807596.2521012,2,Unknown,0.388
1763807596.2521029,3,Unknown,0.150
1763807596.406113,1,Unknown,0.561
1763807596.406121,2,Unknown,0.374
1763807596.406123,3,Unknown,0.132
1763807596.5695732,1,Koushik,0.606
1763807596.569578,2,Unknown,0.392
1763807596.56958,3,Unknown,0.115
1763807596.757107,1,Unknown,0.567
1763807596.757112,2,Unknown,0.402
1763807596.757113,3,Unknown,0.062
1763807596.95362,1,Koushik,0.714
1763807596.9536269,2,Unknown,0.393
1763807596.9536278,3,Unknown,0.147
1763807597.143728,1,Koushik,0.807
1763807597.143734,2,Unknown,0.441
1763807597.143735,3,Unknown,0.140
1763807597.307693,1,Koushik,0.852
1763807597.307699,2,Unknown,0.415
1763807597.307701,3,Unknown,0.147
1763807597.4712,1,Koushik,0.751
1763807597.4712052,2,Unknown,0.454
1763807597.471207,3,Unknown,0.052
1763807597.654984,1,Koushik,0.685
1763807597.6549902,2,Unknown,0.444
1763807597.6549919,3,Unknown,0.160
1763807597.842591,1,Koushik,0.685
1763807597.842607,2,Unknown,0.393
1763807597.8426082,3,Unknown,0.089
1763807598.006389,1,Koushik,0.731
1763807598.006397,2,Unknown,0.555
1763807598.006399,3,Unknown,0.085
1763807598.19152,1,Koushik,0.745
1763807598.191524,2,Unknown,0.538
1763807598.191526,3,Unknown,0.039
1763807598.3855171,1,Koushik,0.720
1763807598.385524,2,Unknown,0.517
1763807598.385525,3,Unknown,-0.005
1763807598.5795782,1,Koushik,0.719
1763807598.579584,2,Unknown,0.532
1763807598.579586,3,Unknown,0.081
1763807598.748328,1,Koushik,0.609
1763807598.7483342,2,Unknown,0.483
1763807598.7483351,3,Unknown,0.122
1763807598.922365,1,Unknown,0.569
1763807598.92237,2,Unknown,0.344
1763807598.9223711,3,Unknown,0.076
1763807599.118423,1,Koushik,0.700
1763807599.118429,2,Unknown,0.391
1763807599.11843,3,Unknown,0.024
1763807599.304976,1,Koushik,0.731
1763807599.304981,2,Unknown,0.521
1763807599.304982,3,Unknown,0.078
1763807599.488771,1,Koushik,0.747
1763807599.488776,2,Unknown,0.319
1763807599.488777,3,Unknown,0.093
1763807599.6858308,1,Koushik,0.847
1763807599.685836,2,Unknown,0.342
1763807599.685837,3,Unknown,0.064
1763807599.874042,1,Koushik,0.850
1763807599.874049,2,Unknown,0.331
1763807599.8740501,3,Unknown,0.064
1763807600.040117,1,Koushik,0.847
1763807600.040131,2,Unknown,0.372
1763807600.040252,3,Unknown,0.036
1763807600.20694,1,Koushik,0.844
1763807600.2069461,2,Unknown,0.372
1763807600.206948,3,Unknown,0.021
1763807600.38416,1,Koushik,0.829
1763807600.384165,2,Unknown,0.453
1763807600.384166,3,Unknown,0.078
1763807600.538084,1,Koushik,0.805
1763807600.538089,2,Unknown,0.422
1763807600.538091,3,Unknown,0.062
1763807600.7173362,1,Koushik,0.812
1763807600.717341,2,Unknown,0.496
1763807600.717342,3,Unknown,0.064
1763807600.8715038,1,Koushik,0.864
1763807600.871509,2,Unknown,0.404
1763807600.87151,3,Unknown,0.047
1763807601.050946,1,Koushik,0.825
1763807601.050952,2,Unknown,0.421
1763807601.050953,3,Unknown,0.091
1763807601.207131,1,Koushik,0.839
1763807601.207139,2,Unknown,0.386
1763807601.2071412,3,Unknown,0.098
1763807601.388767,1,Koushik,0.813
1763807601.388772,2,Unknown,0.453
1763807601.3887732,3,Unknown,0.087
1763807601.5901299,1,Koushik,0.811
1763807601.590136,2,Unknown,0.458
1763807601.590137,3,Unknown,0.123
1763807601.775362,1,Koushik,0.789
1763807601.775369,2,Unknown,0.446
1763807601.77537,3,Unknown,0.072
1763807601.944572,1,Koushik,0.809
1763807601.944577,2,Unknown,0.412
1763807601.9445791,3,Unknown,0.082
1763807602.116956,1,Koushik,0.847
1763807602.116962,2,Unknown,0.447
1763807602.116964,3,Unknown,0.071
1763807602.281461,1,Koushik,0.816
1763807602.281476,2,Unknown,0.388
1763807602.281478,3,Unknown,0.059
1763807602.471238,1,Koushik,0.804
1763807602.471246,2,Unknown,0.387
1763807602.471248,3,Unknown,0.072
1763807602.631958,1,Koushik,0.824
1763807602.631964,2,Unknown,0.439
1763807602.631965,3,Unknown,0.108
1763807602.802293,1,Koushik,0.833
1763807602.8023,2,Unknown,0.413
1763807602.802302,3,Unknown,0.118
1763807602.962523,1,Koushik,0.809
1763807602.962528,2,Unknown,0.397
1763807602.9625301,3,Unknown,0.107
1763807603.147821,1,Koushik,0.773
1763807603.147829,2,Unknown,0.410
1763807603.147831,3,Unknown,0.099
1763807603.355875,1,Koushik,0.665
1763807603.355881,2,Unknown,0.450
1763807603.355882,3,Unknown,0.013
1763807603.554417,1,Koushik,0.742
1763807603.554423,2,Unknown,0.481
1763807603.554424,3,Unknown,0.079
1763807603.752459,1,Koushik,0.695
1763807603.752465,2,Unknown,0.480
1763807603.752466,3,Unknown,0.087
1763807603.942809,1,Koushik,0.783
1763807603.942817,2,Unknown,0.449
1763807603.942819,3,Unknown,0.087
1763807604.122217,1,Koushik,0.810
1763807604.1222231,2,Unknown,0.416
1763807604.122224,3,Unknown,0.042
1763807604.3216782,1,Koushik,0.796
1763807604.321683,2,Unknown,0.393
1763807604.321685,3,Unknown,0.069
1763807604.505743,1,Koushik,0.783
1763807604.505749,2,Unknown,0.495
1763807604.50575,3,Unknown,0.042
1763807604.675905,1,Koushik,0.807
1763807604.6759129,2,Unknown,0.388
1763807604.675914,3,Unknown,0.092
1763807604.8412921,1,Koushik,0.795
1763807604.841299,2,Unknown,0.486
1763807604.841301,3,Unknown,0.113
1763807605.0033548,1,Koushik,0.762
1763807605.003359,2,Unknown,0.437
1763807605.003361,3,Unknown,0.059
1763807605.1722949,1,Koushik,0.690
1763807605.172301,2,Unknown,0.388
1763807605.1723032,3,Unknown,0.041
1763807605.3375518,1,Koushik,0.652
1763807605.337557,2,Unknown,0.467
1763807605.337558,3,Unknown,0.072
1763807605.505762,1,Unknown,0.591
1763807605.5057678,2,Unknown,0.466
1763807605.50577,3,Unknown,0.052
1763807605.6708832,1,Unknown,0.227
1763807605.670889,2,Unknown,0.486
1763807605.67089,3,Unknown,0.054
1763807606.339954,2,Unknown,0.468
1763807606.339962,3,Unknown,0.009
1763807606.493949,2,Unknown,0.461
1763807606.4939551,3,Unknown,0.072
1763807606.6790981,2,Unknown,0.438
1763807606.6791072,3,Unknown,0.054
1763807606.8362749,2,Unknown,0.498
1763807606.836282,3,Unknown,0.087
1763807606.997192,2,Unknown,0.527
1763807606.9971972,3,Unknown,0.086
1763807607.1694038,2,Unknown,0.553
1763807607.16941,3,Unknown,0.047
1763807607.328372,2,Unknown,0.538
1763807607.328377,3,Unknown,0.105
1763807607.5027351,2,Unknown,0.447
1763807607.502741,3,Unknown,0.076
1763807607.66639,2,Unknown,0.454
1763807607.666395,3,Unknown,0.060
1763807607.833111,2,Unknown,0.479
1763807607.833117,3,Unknown,0.069
1763807608.005654,2,Unknown,0.406
1763807608.005661,3,Unknown,0.084
1763807608.1696131,2,Unknown,0.399
1763807608.1696188,3,Unknown,0.085
1763807608.16962,4,Unknown,0.421
1763807608.350167,2,Unknown,0.462
1763807608.350174,3,Unknown,0.070
1763807608.350175,4,Unknown,0.422
1763807608.503078,2,Unknown,0.479
1763807608.5030851,3,Unknown,0.068
1763807608.503086,4,Unknown,0.387
1763807608.6742358,2,Unknown,0.462
1763807608.6742442,3,Unknown,0.067
1763807608.674245,4,Unknown,0.421
1763807608.8308952,2,Unknown,0.412
1763807608.830902,3,Unknown,0.073
1763807609.007919,2,Unknown,0.382
1763807609.007924,3,Unknown,0.068
1763807609.1622841,2,Unknown,0.412
1763807609.1622899,3,Unknown,0.058
1763807609.334466,2,Unknown,0.409
1763807609.334472,3,Unknown,0.108
1763807609.5001159,2,Unknown,0.396
1763807609.500122,3,Unknown,0.086
1763807609.674092,2,Unknown,0.436
1763807609.674098,3,Unknown,0.089
1763807609.832795,2,Unknown,0.440
1763807609.8328,3,Unknown,0.097
1763807610.0021188,2,Unknown,0.435
1763807610.002126,3,Unknown,0.097
1763807610.165175,2,Unknown,0.411
1763807610.165181,3,Unknown,0.114
1763807610.3393312,2,Unknown,0.389
1763807610.3393369,3,Unknown,0.050
1763807610.497983,2,Unknown,0.432
1763807610.4979892,3,Unknown,0.077
1763807610.6771982,2,Unknown,0.511
1763807610.677206,3,Unknown,0.128
1763807610.836421,2,Unknown,0.503
1763807610.836426,3,Unknown,0.141
1763807610.836427,5,Koushik,0.620
1763807611.012017,2,Unknown,0.493
1763807611.012031,3,Unknown,0.179
1763807611.012033,5,Koushik,0.610
1763807611.184887,2,Unknown,0.451
1763807611.184892,3,Unknown,0.142
1763807611.184893,5,Koushik,0.621
1763807611.3380868,2,Unknown,0.476
1763807611.338094,3,Unknown,0.123
1763807611.3380961,5,Unknown,0.587
1763807611.522589,2,Unknown,0.560
1763807611.5225961,3,Unknown,0.130
1763807611.522597,5,Unknown,0.394
1763807611.709877,2,Unknown,0.472
1763807611.709882,3,Unknown,0.159
1763807611.709884,5,Unknown,0.537
1763807611.882663,2,Unknown,0.492
1763807611.882669,3,Unknown,0.133
1763807611.8826702,5,Unknown,0.523
1763807612.0503008,2,Unknown,0.518
1763807612.050307,3,Unknown,0.146
1763807612.050308,5,Unknown,0.492
1763807612.205315,2,Unknown,0.539
1763807612.205319,3,Unknown,0.130
1763807612.205321,5,Unknown,0.576
1763807612.3851159,2,Unknown,0.493
1763807612.385121,3,Unknown,0.156
1763807612.385122,5,Unknown,0.587
1763807612.538374,2,Unknown,0.476
1763807612.5383801,3,Unknown,0.140
1763807612.538381,5,Unknown,0.575
1763807612.718519,2,Unknown,0.518
1763807612.7185228,3,Unknown,0.070
1763807612.718525,5,Unknown,0.474
1763807612.869217,2,Unknown,0.494
1763807612.869222,3,Unknown,0.068
1763807612.8692238,5,Unknown,0.506
1763807613.039021,2,Unknown,0.432
1763807613.039026,3,Unknown,0.133
1763807613.039028,5,Unknown,0.564
1763807613.2053251,2,Unknown,0.373
1763807613.20533,3,Unknown,0.072
1763807613.205332,5,Unknown,0.561
1763807613.3669739,2,Unknown,0.488
1763807613.36698,3,Unknown,-0.008
1763807613.366981,5,Unknown,0.577
1763807613.5451221,2,Unknown,0.563
1763807613.5451279,3,Unknown,0.034
1763807613.545129,5,Unknown,0.501
1763807613.705017,2,Unknown,0.530
1763807613.705023,3,Unknown,0.063
1763807613.705024,5,Unknown,0.572
1763807613.871255,2,Unknown,0.505
1763807613.8712618,3,Unknown,0.062
1763807613.871263,5,Unknown,0.584
1763807614.032403,2,Unknown,0.567
1763807614.032408,3,Unknown,0.091
1763807614.0324092,5,Koushik,0.611
1763807614.209269,2,Unknown,0.526
1763807614.209276,3,Unknown,0.069
1763807614.2092779,5,Unknown,0.538
1763807614.366733,2,Unknown,0.534
1763807614.366739,3,Unknown,0.143
1763807614.36674,5,Unknown,0.491
1763807614.545918,2,Unknown,0.570
1763807614.545933,3,Unknown,0.135
1763807614.545934,5,Unknown,0.578
1763807614.724562,2,Unknown,0.485
1763807614.724569,3,Unknown,0.166
1763807614.72457,5,Koushik,0.611
1763807614.92186,2,Unknown,0.501
1763807614.921866,3,Unknown,0.186
1763807614.921868,5,Unknown,0.599
1763807615.111226,2,Unknown,0.523
1763807615.111236,3,Unknown,0.149
1763807615.111237,5,Unknown,0.600
1763807615.2799108,2,Unknown,0.500
1763807615.279916,3,Unknown,0.150
1763807615.2799182,5,Koushik,0.610
1763807615.456625,2,Unknown,0.516
1763807615.456631,3,Unknown,0.123
1763807615.4566321,5,Unknown,0.545
1763807615.650424,2,Unknown,0.498
1763807615.650431,3,Unknown,0.163
1763807615.8028412,2,Unknown,0.472
1763807615.802848,3,Unknown,0.146
1763807615.983229,2,Unknown,0.465
1763807615.983237,3,Unknown,0.093
1763807616.13714,2,Unknown,0.495
1763807616.137147,3,Unknown,0.150
1763807616.318398,2,Unknown,0.529
1763807616.318403,3,Unknown,0.148
1763807616.3184042,6,Unknown,0.479
1763807616.471179,2,Unknown,0.532
1763807616.471186,3,Unknown,0.135
1763807616.471188,6,Unknown,0.565
1763807616.657056,2,Unknown,0.465
1763807616.6570618,3,Unknown,0.109
1763807616.657064,6,Koushik,0.663
1763807616.853086,2,Unknown,0.531
1763807616.8530939,3,Unknown,0.088
1763807616.853096,6,Koushik,0.676
1763807617.045519,2,Unknown,0.472
1763807617.045527,3,Unknown,0.107
1763807617.0455282,6,Unknown,0.590
1763807617.218287,2,Unknown,0.537
1763807617.218294,3,Unknown,0.118
1763807617.218296,6,Koushik,0.603
1763807617.391565,2,Unknown,0.498
1763807617.391584,3,Unknown,0.159
1763807617.391585,6,Koushik,0.703
1763807617.570592,2,Unknown,0.516
1763807617.570598,3,Unknown,0.104
1763807617.5706,6,Koushik,0.636
1763807617.731881,2,Unknown,0.496
1763807617.7318861,3,Unknown,0.113
1763807617.731888,6,Koushik,0.767
1763807617.914625,2,Unknown,0.534
1763807617.914631,3,Unknown,0.142
1763807617.9146318,6,Koushik,0.712
1763807618.065314,2,Unknown,0.533
1763807618.06532,3,Unknown,0.054
1763807618.065322,6,Koushik,0.765
1763807618.255022,2,Unknown,0.508
1763807618.255028,3,Unknown,0.111
1763807618.25503,6,Koushik,0.774
1763807618.448086,2,Unknown,0.477
1763807618.4480908,3,Unknown,0.187
1763807618.448093,6,Koushik,0.747
1763807618.650647,2,Unknown,0.428
1763807618.650657,3,Unknown,0.156
1763807618.6506581,6,Koushik,0.652
1763807618.83582,2,Unknown,0.535
1763807618.835826,3,Unknown,0.114
1763807618.835828,6,Unknown,0.461
1763807619.010895,2,Unknown,0.486
1763807619.010905,3,Unknown,0.155
1763807619.0109062,6,Unknown,0.523
1763807619.188894,2,Unknown,0.495
1763807619.1889012,3,Unknown,0.136
1763807619.188902,6,Koushik,0.726
1763807619.3883111,2,Unknown,0.477
1763807619.388319,3,Unknown,0.168
1763807619.38832,6,Koushik,0.703
1763807619.579948,2,Unknown,0.465
1763807619.579956,3,Unknown,0.133
1763807619.579958,6,Koushik,0.776
1763807619.75147,2,Unknown,0.466
1763807619.751477,3,Unknown,0.059
1763807619.751478,6,Koushik,0.717
1763807619.9018822,2,Unknown,0.482
1763807619.901888,3,Unknown,0.056
1763807619.90189,6,Koushik,0.612
1763807620.077185,2,Unknown,0.526
1763807620.0771918,3,Unknown,0.091
1763807620.2520692,2,Unknown,0.534
1763807620.252074,3,Unknown,0.090
1763807620.41615,2,Unknown,0.427
1763807620.4161549,3,Unknown,0.044
1763807620.571587,2,Unknown,0.582
1763807620.571593,3,Unknown,0.200
1763807620.732664,2,Unknown,0.505
1763807620.7326689,3,Unknown,0.104
1763807620.907191,2,Unknown,0.486
1763807620.907197,3,Unknown,0.088
1763807621.068192,2,Unknown,0.478
1763807621.068198,3,Unknown,0.051
1763807621.248582,2,Unknown,0.470
1763807621.248588,3,Unknown,0.017
1763807621.4037828,2,Unknown,0.459
1763807621.403789,3,Unknown,0.089
1763807621.56722,2,Unknown,0.365
1763807621.567225,3,Unknown,0.058
1763807621.7406368,2,Unknown,0.363
1763807621.740643,3,Unknown,0.035
1763807621.901621,2,Unknown,0.390
1763807621.9016268,3,Unknown,0.006
1763807622.079231,2,Unknown,0.375
1763807622.079238,3,Unknown,0.088
1763807622.235001,2,Unknown,0.382
1763807622.235007,3,Unknown,0.017
1763807622.415702,2,Unknown,0.455
1763807622.4157069,3,Unknown,0.100
1763807622.568505,2,Unknown,0.384
1763807622.56851,3,Unknown,0.067
1763807622.73206,2,Unknown,0.412
1763807622.7320662,3,Unknown,0.035
1763807622.9155421,2,Unknown,0.370
1763807622.915547,3,Unknown,0.074
1763807623.069634,2,Unknown,0.391
1763807623.06964,3,Unknown,0.070
1763807623.248977,2,Unknown,0.490
1763807623.2489831,3,Unknown,0.065
1763807623.407296,2,Unknown,0.481
1763807623.407302,3,Unknown,0.094
1763807623.568752,2,Unknown,0.490
1763807623.568757,3,Unknown,0.065
1763807623.7447731,2,Unknown,0.453
1763807623.7447839,3,Unknown,0.084
1763807623.900112,2,Unknown,0.388
1763807623.900118,3,Unknown,0.116
1763807624.080006,2,Unknown,0.438
1763807624.080012,3,Unknown,0.074
1763807624.237036,2,Unknown,0.368
1763807624.237043,3,Unknown,0.091
1763807624.415016,2,Unknown,0.378
1763807624.415025,3,Unknown,0.002
1763807624.57175,2,Unknown,0.425
1763807624.5717561,3,Unknown,0.035
1763807624.750179,2,Unknown,0.444
1763807624.7501838,3,Unknown,0.061
1763807624.906461,2,Unknown,0.396
1763807624.9064682,3,Unknown,0.153
1763807625.069105,2,Unknown,0.415
1763807625.069111,3,Unknown,0.104
1763807625.253634,2,Unknown,0.461
1763807625.25364,3,Unknown,0.130
1763807625.402265,2,Unknown,0.397
1763807625.402271,3,Unknown,0.142
1763807625.581425,2,Unknown,0.384
1763807625.581429,3,Unknown,0.139
1763807625.749814,2,Unknown,0.434
1763807625.74982,3,Unknown,0.119
1763807625.9007769,2,Unknown,0.350
1763807625.900783,3,Unknown,0.101
1763807626.069775,2,Unknown,0.333
1763807626.069781,3,Unknown,0.027
1763807626.239007,2,Unknown,0.352
1763807626.2390132,3,Unknown,0.062
1763807626.4162061,2,Unknown,0.380
1763807626.416211,3,Unknown,0.055
1763807626.570858,2,Unknown,0.379
1763807626.5708642,3,Unknown,0.021
1763807626.749474,2,Unknown,0.377
1763807626.74948,3,Unknown,0.059
1763807626.901797,2,Unknown,0.366
1763807626.901806,3,Unknown,0.086
1763807627.083552,2,Unknown,0.386
1763807627.0835578,3,Unknown,0.062
1763807627.232979,2,Unknown,0.412
1763807627.232985,3,Unknown,0.096
1763807627.4167092,2,Unknown,0.378
1763807627.416715,3,Unknown,0.047
1763807627.57109,2,Unknown,0.385
1763807627.5710971,3,Unknown,0.126
1763807627.749378,2,Unknown,0.424
1763807627.7493818,3,Unknown,0.135
1763807627.903902,2,Unknown,0.345
1763807627.9039092,3,Unknown,0.137
1763807628.0830789,2,Unknown,0.372
1763807628.083085,3,Unknown,0.149
1763807628.2383301,2,Unknown,0.402
1763807628.238336,3,Unknown,0.139
1763807628.4165702,2,Unknown,0.390
1763807628.416575,3,Unknown,0.172
1763807628.5737011,2,Unknown,0.443
1763807628.573708,3,Unknown,0.129
1763807628.7528708,2,Unknown,0.444
1763807628.752876,3,Unknown,0.127
1763807628.917832,2,Unknown,0.385
1763807628.917838,3,Unknown,0.087
1763807629.083256,2,Unknown,0.440
1763807629.083261,3,Unknown,0.047
1763807629.2389429,2,Unknown,0.482
1763807629.2389498,3,Unknown,0.042
1763807629.418326,2,Unknown,0.439
1763807629.418334,3,Unknown,0.144
1763807629.572851,2,Unknown,0.433
1763807629.5728571,3,Unknown,0.097
1763807629.7490802,2,Unknown,0.465
1763807629.749088,3,Unknown,0.068
1763807629.905525,2,Unknown,0.477
1763807629.905531,3,Unknown,0.129
1763807630.084321,2,Unknown,0.309
1763807630.084327,3,Unknown,0.109
1763807630.249332,2,Unknown,0.295
1763807630.249336,3,Unknown,0.113
1763807630.4021251,2,Unknown,0.209
1763807630.4021308,3,Unknown,0.126
1763807630.5844102,2,Unknown,0.315
1763807630.584415,3,Unknown,0.133
1763807630.75054,2,Unknown,0.295
1763807630.7505448,3,Unknown,0.124
1763807630.905282,2,Unknown,0.289
1763807630.905289,3,Unknown,0.132
1763807631.0851462,2,Unknown,0.335
1763807631.085151,3,Unknown,0.129
1763807631.252219,2,Unknown,0.327
1763807631.252224,3,Unknown,0.124
1763807631.418808,2,Unknown,0.348
1763807631.418814,3,Unknown,0.090
1763807631.585175,2,Unknown,0.343
1763807631.5851798,3,Unknown,0.076
1763807631.75263,2,Unknown,0.343
1763807631.752637,3,Unknown,0.108
1763807631.918009,2,Unknown,0.407
1763807631.918016,3,Unknown,0.093
1763807632.0701098,2,Unknown,0.370
1763807632.0701172,3,Unknown,0.129
1763807632.2499468,2,Unknown,0.415
1763807632.249953,3,Unknown,0.135
1763807632.405407,2,Unknown,0.416
1763807632.4054148,3,Unknown,0.072
1763807632.583856,2,Unknown,0.331
1763807632.5838609,3,Unknown,0.075
1763807632.737965,2,Unknown,0.351
1763807632.737972,3,Unknown,0.170
1763807632.9152708,2,Unknown,0.370
1763807632.9152908,3,Unknown,0.104
1763807633.071536,2,Unknown,0.454
1763807633.071543,3,Unknown,0.128
1763807633.249463,2,Unknown,0.435
1763807633.2494678,3,Unknown,0.128
1763807633.4165409,2,Unknown,0.447
1763807633.416548,3,Unknown,0.134
1763807633.570955,2,Unknown,0.489
1763807633.570962,3,Unknown,0.161
1763807633.752042,2,Unknown,0.476
1763807633.752047,3,Unknown,0.161
1763807633.9174058,2,Unknown,0.461
1763807633.917412,3,Unknown,0.168
1763807634.082347,2,Unknown,0.440
1763807634.0823522,3,Unknown,0.184
1763807634.2381,2,Unknown,0.431
1763807634.238107,3,Unknown,0.097
1763807634.415612,2,Unknown,0.471
1763807634.4156191,3,Unknown,0.096
1763807634.573506,2,Unknown,0.467
1763807634.573513,3,Unknown,0.166
1763807634.7501929,2,Unknown,0.330
1763807634.7501981,3,Unknown,0.173
1763807634.9075918,2,Unknown,0.412
1763807634.907598,3,Unknown,0.139
1763807635.086288,2,Unknown,0.501
1763807635.086296,3,Unknown,0.192
1763807635.086297,7,Unknown,0.584
1763807635.264242,2,Unknown,0.437
1763807635.264253,3,Unknown,0.194
1763807635.2642539,7,Koushik,0.702
1763807635.450506,2,Unknown,0.419
1763807635.450512,3,Unknown,0.156
1763807635.4505138,7,Koushik,0.779
1763807635.638578,2,Unknown,0.457
1763807635.6385841,3,Unknown,0.214
1763807635.638586,7,Koushik,0.827
1763807635.803252,2,Unknown,0.426
1763807635.803257,3,Unknown,0.108
1763807635.803259,7,Koushik,0.882
1763807635.989247,2,Unknown,0.544
1763807635.989253,3,Unknown,0.109
1763807635.989255,7,Koushik,0.909
1763807636.201333,2,Unknown,0.478
1763807636.20134,3,Unknown,0.103
1763807636.2013419,7,Koushik,0.874
1763807636.395282,2,Unknown,0.528
1763807636.3952892,3,Unknown,0.068
1763807636.3952909,7,Koushik,0.877
1763807636.5792918,2,Unknown,0.539
1763807636.579301,3,Unknown,0.126
1763807636.579303,7,Koushik,0.872
1763807636.7422988,2,Unknown,0.537
1763807636.742305,3,Unknown,0.105
1763807636.742306,7,Koushik,0.852
1763807636.919832,2,Unknown,0.452
1763807636.919839,3,Unknown,0.100
1763807636.91984,7,Koushik,0.661
1763807637.086623,2,Unknown,0.421
1763807637.0866292,3,Unknown,0.059
1763807637.0866299,7,Unknown,0.422
1763807637.245009,2,Unknown,0.415
1763807637.245016,3,Unknown,0.113
1763807637.245018,7,Unknown,0.489
1763807637.415751,2,Unknown,0.460
1763807637.415759,3,Unknown,0.101
1763807637.415761,7,Unknown,0.497
1763807637.588511,2,Unknown,0.464
1763807637.5885172,3,Unknown,0.147
1763807637.588518,7,Unknown,0.592
1763807637.7509708,2,Unknown,0.496
1763807637.750977,3,Unknown,0.101
1763807637.901234,2,Unknown,0.567
1763807637.90124,3,Unknown,0.142
1763807638.082412,2,Unknown,0.487
1763807638.082416,3,Unknown,0.091
1763807638.239685,2,Unknown,0.490
1763807638.239692,3,Unknown,0.186
1763807638.41505,2,Unknown,0.383
1763807638.415056,3,Unknown,0.163
1763807638.571261,2,Unknown,0.429
1763807638.571268,3,Unknown,0.155
1763807638.747266,2,Unknown,0.474
1763807638.747272,3,Unknown,0.110
1763807638.904874,2,Unknown,0.404
1763807638.904882,3,Unknown,0.143
1763807639.082866,2,Unknown,0.437
1763807639.082874,3,Unknown,0.125
1763807639.251032,2,Unknown,0.413
1763807639.251037,3,Unknown,0.166
1763807639.404712,2,Unknown,0.439
1763807639.404719,3,Unknown,0.129
1763807639.583467,2,Unknown,0.394
1763807639.583476,3,Unknown,0.120
1763807639.7399292,2,Unknown,0.390
1763807639.739936,3,Unknown,0.187
1763807639.917163,2,Unknown,0.460
1763807639.9171681,3,Unknown,0.146
1763807640.083709,2,Unknown,0.480
1763807640.083714,3,Unknown,0.163
1763807640.238145,2,Unknown,0.475
1763807640.238153,3,Unknown,0.139
1763807640.415691,2,Unknown,0.433
1763807640.415704,3,Unknown,0.102
1763807640.575685,2,Unknown,0.427
1763807640.575692,3,Unknown,0.115
1763807640.7514849,2,Unknown,0.375
1763807640.75149,3,Unknown,0.085
1763807640.9167192,2,Unknown,0.391
1763807640.916725,3,Unknown,0.123
1763807641.0722592,2,Unknown,0.457
1763807641.072264,3,Unknown,0.174
1763807641.2469592,2,Unknown,0.426
1763807641.246967,3,Unknown,0.122
1763807641.4048839,2,Unknown,0.434
1763807641.4048908,3,Unknown,0.128
1763807641.582977,2,Unknown,0.353
1763807641.582987,3,Unknown,0.133
1763807641.741368,2,Unknown,0.527
1763807641.741375,3,Unknown,0.151
1763807641.914356,2,Unknown,0.526
1763807641.9143639,3,Unknown,0.155
1763807642.079298,2,Unknown,0.572
1763807642.079305,3,Unknown,0.115
1763807642.250816,2,Koushik,0.613
1763807642.250821,3,Unknown,0.119
1763807642.41609,2,Unknown,0.526
1763807642.416102,3,Unknown,0.149
1763807642.572382,2,Unknown,0.487
1763807642.5723882,3,Unknown,0.164
1763807642.748302,2,Unknown,0.415
1763807642.748307,3,Unknown,0.140
1763807642.9058208,2,Unknown,0.479
1763807642.905826,3,Unknown,0.100
1763807643.081237,2,Unknown,0.439
1763807643.0812428,3,Unknown,0.135
1763807643.236219,2,Unknown,0.456
1763807643.2362251,3,Unknown,0.075
1763807643.420651,2,Unknown,0.416
1763807643.420657,3,Unknown,0.082
1763807643.4206588,8,Unknown,-0.068
1763807643.578349,2,Unknown,0.463
1763807643.578357,3,Unknown,0.093
1763807643.5783591,8,Unknown,-0.062
1763807643.74854,2,Unknown,0.438
1763807643.7485492,3,Unknown,-0.039
1763807643.748551,8,Unknown,0.077
1763807643.919861,2,Unknown,0.435
1763807643.9198668,3,Unknown,-0.024
1763807643.919868,8,Unknown,0.007
1763807644.085,2,Unknown,0.396
1763807644.085005,3,Unknown,0.071
1763807644.237875,2,Unknown,0.427
1763807644.2378821,3,Unknown,0.108
1763807644.418945,2,Unknown,0.423
1763807644.4189498,3,Unknown,0.119
1763807644.57196,2,Unknown,0.509
1763807644.571967,3,Unknown,0.063
1763807644.7482948,2,Unknown,0.544
1763807644.748304,3,Unknown,-0.026
1763807644.905493,2,Unknown,0.557
1763807644.9055,3,Unknown,0.026
1763807645.082688,2,Unknown,0.515
1763807645.082703,3,Unknown,0.049
1763807645.240598,2,Unknown,0.554
1763807645.240604,3,Unknown,-0.025
1763807645.416255,2,Unknown,0.416
1763807645.4162629,3,Unknown,0.042
1763807645.5736,2,Unknown,0.375
1763807645.573607,3,Unknown,0.023
1763807645.749728,2,Unknown,0.400
1763807645.7497358,3,Unknown,0.076
1763807645.9182878,2,Unknown,0.427
1763807645.918294,3,Unknown,0.061
1763807646.073697,2,Unknown,0.367
1763807646.0737019,3,Unknown,0.043
1763807646.2498171,2,Unknown,0.380
1763807646.249823,3,Unknown,0.008
1763807646.401172,2,Unknown,0.353
1763807646.4011772,3,Unknown,-0.002
1763807646.584241,2,Unknown,0.393
1763807646.584246,3,Unknown,0.057
1763807646.7386508,2,Unknown,0.486
1763807646.738657,3,Unknown,0.108
1763807646.913323,2,Unknown,0.561
1763807646.9133298,3,Unknown,0.102
1763807647.072497,2,Unknown,0.559
1763807647.072504,3,Unknown,0.076
1763807647.2520802,2,Unknown,0.567
1763807647.252086,3,Unknown,0.060
1763807647.4067159,2,Unknown,0.530
1763807647.4067242,3,Unknown,0.079
1763807647.584851,2,Unknown,0.532
1763807647.584857,3,Unknown,0.099
1763807647.741465,2,Unknown,0.542
1763807647.741472,3,Unknown,0.081
1763807647.916464,2,Unknown,0.500
1763807647.91648,3,Unknown,0.058
1763807648.072968,2,Unknown,0.533
1763807648.072974,3,Unknown,0.032
1763807648.246836,2,Unknown,0.535
1763807648.2468412,3,Unknown,0.002
1763807648.403795,2,Unknown,0.548
1763807648.4038012,3,Unknown,0.070
1763807648.584377,2,Unknown,0.451
1763807648.584382,3,Unknown,0.057
1763807648.739306,2,Unknown,0.304
1763807648.7393138,3,Unknown,0.115
1763807648.914229,2,Unknown,0.341
1763807648.9142358,3,Unknown,0.053
1763807649.073185,2,Unknown,0.387
1763807649.073192,3,Unknown,0.079
1763807649.2477062,2,Unknown,0.358
1763807649.247714,3,Unknown,0.066
1763807649.406611,2,Unknown,0.383
1763807649.406618,3,Unknown,0.036
1763807649.5855942,2,Unknown,0.379
1763807649.585599,3,Unknown,0.134
1763807649.741427,2,Unknown,0.366
1763807649.7414331,3,Unknown,0.119
1763807649.741434,9,Unknown,0.424
1763807649.915585,2,Unknown,0.367
1763807649.9155898,3,Unknown,0.156
1763807650.078088,2,Unknown,0.371
1763807650.078099,3,Unknown,0.177
1763807650.078101,9,Unknown,0.415
1763807650.2457201,2,Unknown,0.399
1763807650.245724,3,Unknown,0.136
1763807650.2457259,9,Unknown,0.337
1763807650.415895,2,Unknown,0.361
1763807650.415902,3,Unknown,0.102
1763807650.574373,2,Unknown,0.349
1763807650.574378,3,Unknown,0.130
1763807650.749702,2,Unknown,0.402
1763807650.750141,3,Unknown,0.076
1763807650.9065568,2,Unknown,0.365
1763807650.906563,3,Unknown,0.091
1763807651.083165,2,Unknown,0.371
1763807651.083173,3,Unknown,0.067
1763807651.239991,2,Unknown,0.425
1763807651.239996,3,Unknown,0.072
1763807651.4160929,2,Unknown,0.411
1763807651.416099,3,Unknown,0.084
1763807651.5776892,2,Unknown,0.482
1763807651.577695,3,Unknown,0.063
1763807651.74304,2,Unknown,0.433
1763807651.7430458,3,Unknown,0.042
1763807651.916524,2,Unknown,0.431
1763807651.916532,3,Unknown,0.103
1763807652.0789702,2,Unknown,0.469
1763807652.078975,3,Unknown,0.095
1763807652.247055,2,Unknown,0.429
1763807652.247061,3,Unknown,0.071
1763807652.417877,2,Unknown,0.437
1763807652.417883,3,Unknown,0.069
1763807652.568149,2,Unknown,0.390
1763807652.5681548,3,Unknown,-0.018
1763807652.749687,2,Unknown,0.376
1763807652.749695,3,Unknown,0.082
1763807652.904091,2,Unknown,0.413
1763807652.904097,3,Unknown,-0.051
1763807653.083603,2,Unknown,0.365
1763807653.083613,3,Unknown,-0.099
1763807653.239161,2,Unknown,0.428
1763807653.239166,3,Unknown,-0.122
1763807653.416832,2,Unknown,0.364
1763807653.416845,3,Unknown,0.037
1763807653.5743418,2,Unknown,0.363
1763807653.574348,3,Unknown,-0.027
1763807653.748961,2,Unknown,0.477
1763807653.748969,3,Unknown,0.060
1763807653.908077,2,Unknown,0.549
1763807653.908082,3,Unknown,0.034
1763807654.081281,2,Unknown,0.509
1763807654.08129,3,Unknown,0.075
1763807654.236601,2,Unknown,0.502
1763807654.236606,3,Unknown,0.082
1763807654.41774,2,Unknown,0.494
1763807654.4177449,3,Unknown,0.127
1763807654.57864,2,Unknown,0.479
1763807654.578651,3,Unknown,0.070
1763807654.747009,2,Unknown,0.386
1763807654.747015,3,Unknown,0.098
1763807654.916212,2,Unknown,0.414
1763807654.9162161,3,Unknown,0.063
1763807655.073934,2,Unknown,0.406
1763807655.07394,3,Unknown,0.019
1763807655.249244,2,Unknown,0.512
1763807655.249249,3,Unknown,0.031
1763807655.403187,2,Unknown,0.463
1763807655.403193,3,Unknown,0.064
1763807655.5872939,2,Unknown,0.514
1763807655.5873,3,Unknown,0.012
1763807655.737689,2,Unknown,0.507
1763807655.737694,3,Unknown,0.056
1763807655.918709,2,Unknown,0.474
1763807655.918714,3,Unknown,0.083
1763807656.0754979,2,Unknown,0.517
1763807656.075504,3,Unknown,0.090
1763807656.250741,2,Unknown,0.336
1763807656.250746,3,Unknown,0.119
1763807656.404053,2,Unknown,0.418
1763807656.404059,3,Unknown,0.044
1763807656.583832,2,Unknown,0.404
1763807656.583843,3,Unknown,0.083
1763807656.739717,2,Unknown,0.398
1763807656.739723,3,Unknown,0.077
1763807656.9177432,2,Unknown,0.421
1763807656.917748,3,Unknown,0.094
1763807657.072989,2,Unknown,0.371
1763807657.0729952,3,Unknown,0.094
1763807657.2501829,2,Unknown,0.475
1763807657.25019,3,Unknown,0.083
1763807657.4075232,2,Unknown,0.412
1763807657.4075289,3,Unknown,0.119
1763807657.585152,2,Unknown,0.392
1763807657.5851572,3,Unknown,0.130
1763807657.740036,2,Unknown,0.500
1763807657.740041,3,Unknown,0.123
1763807657.916515,2,Unknown,0.408
1763807657.916521,3,Unknown,0.093
1763807658.0745,2,Unknown,0.364
1763807658.074506,3,Unknown,0.078
1763807658.249373,2,Unknown,0.403
1763807658.2493818,3,Unknown,0.061
1763807658.406812,2,Unknown,0.378
1763807658.4068182,3,Unknown,0.071
1763807658.583296,2,Unknown,0.385
1763807658.5833018,3,Unknown,0.103
1763807658.739413,2,Unknown,0.410
1763807658.739419,3,Unknown,0.045
1763807658.916369,2,Unknown,0.399
1763807658.916374,3,Unknown,0.058
1763807659.076402,2,Unknown,0.409
1763807659.076407,3,Unknown,0.092
1763807659.2579541,2,Unknown,0.386
1763807659.257959,3,Unknown,0.134
1763807659.422233,2,Unknown,0.466
1763807659.4222379,3,Unknown,0.075
1763807659.589694,2,Unknown,0.386
1763807659.589699,3,Unknown,0.052
1763807659.770661,2,Unknown,0.369
1763807659.770667,3,Unknown,0.089
1763807659.7706702,10,Unknown,0.321
1763807659.948661,2,Unknown,0.436
1763807659.948666,3,Unknown,0.108
1763807659.948668,10,Unknown,0.401
1763807660.1031628,2,Unknown,0.365
1763807660.103169,3,Unknown,0.138
1763807660.2790961,2,Unknown,0.404
1763807660.279104,3,Unknown,0.097
1763807660.4478452,2,Unknown,0.370
1763807660.447853,3,Unknown,0.078
1763807660.6202261,2,Unknown,0.463
1763807660.6202319,3,Unknown,-0.028
1763807660.774233,2,Unknown,0.526
1763807660.7742379,3,Unknown,0.083
1763807660.9501472,2,Unknown,0.512
1763807660.950152,3,Unknown,0.106
1763807661.108902,2,Unknown,0.501
1763807661.108908,3,Unknown,0.094
1763807661.284361,2,Unknown,0.500
1763807661.2843661,3,Unknown,0.159
1763807661.440268,2,Unknown,0.479
1763807661.440274,3,Unknown,0.129
1763807661.615838,2,Unknown,0.469
1763807661.615846,3,Unknown,0.038
1763807661.7768152,2,Unknown,0.413
1763807661.776822,3,Unknown,0.124
1763807661.951215,2,Unknown,0.408
1763807661.951222,3,Unknown,0.100
1763807662.119468,2,Unknown,0.388
1763807662.119474,3,Unknown,0.084
1763807662.277062,2,Unknown,0.396
1763807662.277069,3,Unknown,0.108
1763807662.449643,2,Unknown,0.387
1763807662.449651,3,Unknown,0.102
1763807662.618061,2,Unknown,0.395
1763807662.6180658,3,Unknown,0.121
1763807662.774642,2,Unknown,0.435
1763807662.7746491,3,Unknown,0.106
1763807662.949833,2,Unknown,0.371
1763807662.9498382,3,Unknown,0.030
1763807663.10778,2,Unknown,0.319
1763807663.107786,3,Unknown,0.050
1763807663.284537,2,Unknown,0.395
1763807663.2845461,3,Unknown,0.092
1763807663.4409752,2,Unknown,0.437
1763807663.440982,3,Unknown,0.092
1763807663.61587,2,Unknown,0.441
1763807663.6158772,3,Unknown,0.054
1763807663.7745652,2,Unknown,0.416
1763807663.774573,3,Unknown,0.086
1763807663.97394,11,Koushik,0.837
1763807663.97395,12,Unknown,0.421
1763807663.973952,13,Unknown,0.126
1763807664.141073,11,Koushik,0.797
1763807664.141079,14,Unknown,0.172
1763807664.313807,11,Koushik,0.811
1763807664.313814,14,Unknown,0.103
1763807664.474157,11,Koushik,0.787
1763807664.474163,14,Unknown,0.152
1763807664.474165,15,Unknown,0.221
1763807664.653669,11,Koushik,0.789
1763807664.653674,14,Unknown,0.150
1763807664.653676,15,Unknown,0.306
1763807664.831496,11,Koushik,0.724
1763807664.8315048,14,Unknown,0.068
1763807665.0169652,11,Koushik,0.767
1763807665.0169752,14,Unknown,0.084
1763807665.0169768,15,Unknown,0.528
1763807665.195869,11,Koushik,0.784
1763807665.1958761,14,Unknown,0.184
1763807665.1958778,15,Unknown,0.427
1763807665.389656,11,Koushik,0.790
1763807665.389662,14,Unknown,0.137
1763807665.389663,15,Unknown,0.404
1763807665.544616,11,Koushik,0.816
1763807665.5446222,14,Unknown,0.072
1763807665.5446231,15,Unknown,0.388
1763807665.733091,11,Koushik,0.790
1763807665.733097,14,Unknown,0.096
1763807665.733098,15,Unknown,0.502
1763807666.5184891,11,Koushik,0.763
1763807666.518498,14,Unknown,0.104
1763807666.5185,15,Unknown,0.370
1763807666.518501,16,Unknown,-0.003
1763807666.68887,11,Koushik,0.735
1763807666.688876,14,Unknown,0.085
1763807666.688877,15,Unknown,0.325
1763807666.849237,11,Koushik,0.805
1763807666.8492448,14,Unknown,0.091
1763807666.849247,15,Unknown,0.351
1763807667.023295,11,Koushik,0.804
1763807667.0233011,14,Unknown,0.108
1763807667.0233028,15,Unknown,0.462
1763807667.185816,11,Koushik,0.800
1763807667.185822,14,Unknown,0.108
1763807667.344467,11,Koushik,0.757
1763807667.3444731,14,Unknown,0.073
1763807667.344474,15,Unknown,0.453
1763807667.52474,11,Koushik,0.730
1763807667.524746,14,Unknown,-0.018
1763807667.524747,15,Unknown,0.510
1763807667.524748,17,Unknown,-0.266
1763807667.6920478,11,Koushik,0.770
1763807667.692054,14,Unknown,0.032
1763807667.692055,15,Unknown,0.416
1763807667.6920562,17,Unknown,-0.180
1763807667.8908958,11,Koushik,0.779
1763807667.8909,14,Unknown,0.147
1763807667.890901,15,Unknown,0.197
1763807667.890902,17,Unknown,-0.206
1763807668.054503,11,Koushik,0.789
1763807668.054508,14,Unknown,0.134
1763807668.0545092,17,Unknown,-0.220
1763807668.21173,11,Koushik,0.791
1763807668.211735,14,Unknown,0.088
1763807668.2117372,17,Unknown,-0.228
1763807668.386095,11,Koushik,0.780
1763807668.3861,14,Unknown,0.067
1763807668.386102,18,Unknown,0.323
1763807668.553335,11,Koushik,0.793
1763807668.55334,14,Unknown,0.098
1763807668.5533419,17,Unknown,-0.023
1763807668.7084851,11,Koushik,0.816
1763807668.708492,14,Unknown,0.087
1763807668.886265,11,Koushik,0.782
1763807668.886271,14,Unknown,0.093
1763807668.886273,17,Unknown,-0.117
1763807669.04075,11,Koushik,0.817
1763807669.040756,14,Unknown,0.094
1763807669.219566,11,Koushik,0.804
1763807669.219573,14,Unknown,0.010
1763807669.219575,17,Unknown,-0.065
1763807669.374791,11,Koushik,0.832
1763807669.374796,14,Unknown,0.046
1763807669.550619,11,Koushik,0.788
1763807669.5506282,14,Unknown,0.067
1763807669.7066681,11,Koushik,0.784
1763807669.7066739,14,Unknown,0.107
1763807669.883122,11,Koushik,0.801
1763807669.88313,14,Unknown,0.102
1763807670.0447922,11,Koushik,0.734
1763807670.044797,14,Unknown,0.022
1763807670.044799,19,Unknown,0.410
1763807670.216789,11,Koushik,0.635
1763807670.216798,14,Unknown,0.059
1763807670.2168,19,Unknown,0.389
1763807670.384487,11,Unknown,0.284
1763807670.3844962,14,Unknown,-0.030
1763807670.384498,19,Unknown,0.476
1763807670.537052,14,Unknown,0.037
1763807670.537057,19,Unknown,0.440
1763807670.719619,14,Unknown,0.056
1763807670.7196229,19,Unknown,0.469
1763807670.8724139,14,Unknown,0.058
1763807670.872419,19,Unknown,0.406
1763807671.048948,14,Unknown,0.053
1763807671.048954,19,Unknown,0.384
1763807671.205534,14,Unknown,-0.009
1763807671.2055402,19,Unknown,0.459
1763807671.380805,14,Unknown,-0.091
1763807671.380814,19,Unknown,0.425
1763807671.537893,14,Unknown,0.074
1763807671.5378969,19,Unknown,0.383
1763807671.717281,14,Unknown,0.023
1763807671.7172868,19,Unknown,0.405
1763807671.870202,14,Unknown,-0.098
1763807671.870208,19,Unknown,0.329
1763807672.052633,14,Unknown,0.044
1763807672.052639,19,Unknown,0.315
1763807672.208686,14,Unknown,0.008
1763807672.208693,19,Unknown,0.360
1763807672.384442,14,Unknown,0.058
1763807672.3844469,19,Unknown,0.483
1763807672.5432801,14,Unknown,0.091
1763807672.543285,19,Unknown,0.575
1763807672.725373,14,Unknown,0.118
1763807672.725379,19,Unknown,0.534
1763807672.7253811,20,Unknown,0.184
1763807672.886165,14,Unknown,0.092
1763807672.8861709,19,Unknown,0.553
1763807673.042737,14,Unknown,0.096
1763807673.0427442,19,Unknown,0.578
1763807673.042745,21,Unknown,0.168
1763807673.213121,14,Unknown,0.142
1763807673.213127,19,Unknown,0.585
1763807673.3717592,14,Unknown,0.076
1763807673.371764,19,Unknown,0.484
1763807673.549383,14,Unknown,0.078
1763807673.549396,19,Unknown,0.512
1763807673.7091022,14,Unknown,0.047
1763807673.709109,19,Unknown,0.542
1763807673.883568,14,Unknown,-0.006
1763807673.8835788,19,Unknown,0.554
1763807674.039008,14,Unknown,-0.064
1763807674.039016,19,Unknown,0.528
1763807674.216127,14,Unknown,-0.035
1763807674.21614,19,Unknown,0.516
1763807674.3707252,14,Unknown,0.045
1763807674.370733,19,Unknown,0.483
1763807674.5504808,14,Unknown,0.146
1763807674.550488,19,Unknown,0.507
1763807674.7094452,14,Unknown,0.069
1763807674.709452,19,Unknown,0.592
1763807674.8829792,14,Unknown,0.070
1763807674.882993,19,Unknown,0.533
1763807675.038362,14,Unknown,0.050
1763807675.038368,19,Unknown,0.486
1763807675.21578,14,Unknown,0.104
1763807675.215786,19,Unknown,0.542
1763807675.367693,14,Unknown,0.055
1763807675.3676999,19,Unknown,0.544
1763807675.550205,14,Unknown,0.086
1763807675.5502138,19,Unknown,0.522
1763807675.708226,14,Unknown,-0.008
1763807675.708232,19,Unknown,0.548
1763807676.030155,19,Unknown,0.560
1763807676.218789,14,Unknown,0.072
1763807676.218803,19,Unknown,0.500
1763807676.393779,14,Unknown,0.112
1763807676.3937862,19,Unknown,0.556
1763807676.615249,14,Unknown,0.060
1763807676.615264,19,Unknown,0.414
1763807676.790966,14,Unknown,0.130
1763807676.790973,19,Unknown,0.553
1763807676.939224,14,Unknown,0.105
1763807676.939229,19,Unknown,0.495
1763807677.121474,14,Unknown,0.125
1763807677.12148,19,Unknown,0.477
1763807677.3088582,14,Unknown,0.089
1763807677.308865,19,Unknown,0.493
1763807677.490823,14,Unknown,0.095
1763807677.490835,19,Unknown,0.523
1763807677.654527,14,Unknown,0.107
1763807677.6545331,19,Unknown,0.525
1763807677.6545348,22,Unknown,0.600
1763807677.807748,14,Unknown,0.106
1763807677.807755,19,Unknown,0.504
1763807677.984013,14,Unknown,0.076
1763807677.984027,19,Unknown,0.463
1763807678.143208,14,Unknown,0.060
1763807678.1432152,19,Unknown,0.506
1763807678.317334,14,Unknown,0.040
1763807678.317342,19,Unknown,0.506
1763807678.474963,14,Unknown,0.064
1763807678.47497,19,Unknown,0.523
1763807678.650103,14,Unknown,0.026
1763807678.650112,19,Unknown,0.509
1763807678.810795,14,Unknown,0.031
1763807678.810803,19,Unknown,0.544
1763807678.985236,14,Unknown,0.049
1763807678.9852428,19,Unknown,0.534
1763807679.1507359,14,Unknown,0.069
1763807679.150744,19,Unknown,0.366
1763807679.3106508,14,Unknown,0.029
1763807679.310657,19,Unknown,0.357
1763807679.481131,14,Unknown,0.080
1763807679.4811368,19,Unknown,0.409
1763807679.651954,14,Unknown,0.095
1763807679.6519601,19,Unknown,0.406
timestamp,track_id,name,score
1763814458.9672341,1,Unknown,0.482
1763814459.243726,1,Koushik,0.746
1763814459.45083,1,Koushik,0.811
1763814459.6825972,1,Koushik,0.832
1763814459.914266,1,Koushik,0.787
1763814460.1713011,1,Koushik,0.801
1763814460.414294,1,Koushik,0.821
1763814460.655563,1,Koushik,0.815
1763814460.924663,1,Koushik,0.798
1763814461.1602712,1,Koushik,0.628
1763814461.395134,1,Koushik,0.718
1763814461.630593,1,Koushik,0.851
1763814461.8874712,1,Koushik,0.850
1763814462.128337,1,Koushik,0.864
1763814462.357687,1,Koushik,0.842
1763814462.5988941,1,Koushik,0.790
1763814462.838443,1,Koushik,0.796
1763814463.092909,1,Koushik,0.777
1763814463.316681,1,Koushik,0.825
1763814463.567648,1,Koushik,0.809
1763814463.803445,1,Koushik,0.854
1763814464.0470579,1,Koushik,0.852
1763814464.293767,1,Koushik,0.847
1763814464.5246358,1,Koushik,0.875
1763814464.765016,1,Koushik,0.880
1763814464.9941068,1,Koushik,0.853
1763814465.248672,1,Koushik,0.845
1763814465.494654,1,Koushik,0.853
1763814465.731044,1,Koushik,0.864
1763814465.97003,1,Koushik,0.860
1763814466.213275,1,Koushik,0.868
1763814466.449141,1,Koushik,0.793
1763814466.685674,1,Koushik,0.859
1763814466.9314098,1,Koushik,0.829
1763814467.178455,1,Koushik,0.851
1763814467.4280472,1,Koushik,0.836
1763814467.629388,1,Koushik,0.836
1763814467.863925,1,Koushik,0.860
1763814468.114939,1,Koushik,0.881
1763814468.354885,1,Koushik,0.885
1763814468.592874,1,Koushik,0.866
1763814468.8550231,1,Koushik,0.866
1763814469.1078641,1,Koushik,0.863
1763814469.336509,1,Koushik,0.843
1763814469.576132,1,Koushik,0.852
1763814469.827442,1,Koushik,0.851
1763814470.063117,1,Koushik,0.892
1763814470.3051279,1,Koushik,0.873
1763814470.713089,1,Unknown,-0.065
1763814470.969046,1,Koushik,0.817
1763814471.203543,1,Koushik,0.835
1763814471.447763,1,Koushik,0.883
1763814471.686908,1,Koushik,0.803
1763814471.930332,1,Koushik,0.763
1763814472.166007,1,Koushik,0.820
1763814472.410787,1,Koushik,0.837
1763814472.648588,1,Koushik,0.884
1763814472.889903,1,Koushik,0.879
1763814473.130154,1,Koushik,0.883
1763814473.366817,1,Koushik,0.840
1763814473.6271172,1,Koushik,0.884
1763814473.85134,1,Koushik,0.872
1763814474.096745,1,Koushik,0.871
1763814474.326524,1,Koushik,0.859
1763814474.5611641,1,Koushik,0.913
1763814474.75912,1,Koushik,0.903
1763814474.928007,1,Koushik,0.858
1763814475.094752,1,Koushik,0.868
1763814475.253118,1,Koushik,0.877
1763814475.447973,1,Koushik,0.886
1763814475.6139038,1,Koushik,0.886
1763814475.779764,1,Koushik,0.872
1763814475.9423602,1,Koushik,0.886
1763814476.1129239,1,Koushik,0.877
1763814476.292127,1,Koushik,0.878
1763814476.4643662,1,Koushik,0.883
1763814476.622533,1,Koushik,0.883
1763814476.792074,1,Koushik,0.866
1763814476.9560351,1,Koushik,0.884
1763814477.1276338,1,Koushik,0.890
1763814477.28855,1,Koushik,0.888
1763814477.462872,1,Koushik,0.897
1763814477.6216269,1,Koushik,0.888
1763814477.7970781,1,Koushik,0.883
1763814477.9522848,1,Koushik,0.881
1763814478.130561,1,Koushik,0.899
1763814478.284538,1,Koushik,0.902
1763814478.4625092,1,Koushik,0.889
1763814478.619172,1,Koushik,0.886
1763814478.798537,1,Koushik,0.887
1763814478.9527922,1,Koushik,0.890
1763814479.1293309,1,Koushik,0.884
1763814479.287529,1,Koushik,0.863
1763814479.46415,1,Koushik,0.863
1763814479.6169448,1,Koushik,0.892
1763814479.7953331,1,Koushik,0.849
1763814479.949787,1,Koushik,0.880
1763814480.13116,1,Koushik,0.889
1763814480.283453,1,Koushik,0.859
1763814480.46347,1,Koushik,0.874
1763814480.625642,1,Koushik,0.888
1763814480.79702,1,Koushik,0.903
1763814480.955308,1,Koushik,0.877
1763814481.1306481,1,Koushik,0.876
1763814481.288567,1,Koushik,0.878
1763814481.4628422,1,Koushik,0.885
1763814481.621804,1,Koushik,0.869
1763814481.7959108,1,Koushik,0.853
1763814481.953705,1,Koushik,0.863
1763814482.1280131,1,Koushik,0.859
1763814482.282067,1,Koushik,0.695
1763814484.064855,2,Koushik,0.621
1763814484.222235,2,Koushik,0.628
1763814484.429688,2,Koushik,0.919
1763814484.588919,2,Koushik,0.910
1763814484.750995,2,Koushik,0.911
1763814484.920244,2,Koushik,0.871
1763814485.08417,2,Koushik,0.906
1763814485.2619321,2,Koushik,0.863
1763814485.4336221,2,Koushik,0.900
1763814485.594439,2,Koushik,0.876
1763814485.7616599,2,Koushik,0.915
1763814485.92255,2,Koushik,0.910
1763814486.099765,2,Koushik,0.876
1763814486.2575061,2,Koushik,0.802
1763814486.431283,2,Koushik,0.865
1763814486.587693,2,Koushik,0.846
1763814486.765862,2,Koushik,0.845
1763814486.9229739,2,Koushik,0.866
1763814487.099782,2,Koushik,0.853
1763814487.257779,2,Koushik,0.864
1763814487.429145,2,Koushik,0.764
1763814487.588845,2,Koushik,0.709
1763814487.763943,2,Koushik,0.803
1763814487.9237702,2,Koushik,0.831
1763814488.1118379,2,Koushik,0.826
1763814488.255023,2,Koushik,0.839
1763814488.4293141,2,Koushik,0.798
1763814488.582685,2,Koushik,0.738
1763814488.7598588,2,Koushik,0.700
1763814488.928562,2,Koushik,0.640
1763814489.088732,2,Koushik,0.681
1763814489.2625868,2,Unknown,0.485
1763814489.557645,2,Unknown,0.168
1763814489.723259,2,Koushik,0.658
1763814489.896831,3,Koushik,0.674
1763814490.063861,3,Unknown,0.549
1763814490.22063,3,Koushik,0.796
1763814490.396924,3,Koushik,0.881
1763814490.55756,3,Koushik,0.863
1763814490.7308931,3,Koushik,0.865
1763814490.887209,3,Koushik,0.865
1763814491.062918,3,Koushik,0.695
1763814491.2217228,3,Koushik,0.673
1763814491.3975701,3,Unknown,0.595
1763814491.557534,3,Koushik,0.728
1763814491.7301672,3,Koushik,0.691
1763814491.8912451,3,Koushik,0.758
1763814492.062987,3,Koushik,0.771
1763814492.216904,3,Koushik,0.793
1763814492.3959832,3,Koushik,0.807
1763814492.571831,3,Koushik,0.780
1763814492.725104,3,Koushik,0.790
1763814492.881181,3,Koushik,0.730
1763814493.044539,3,Koushik,0.742
1763814493.213166,3,Koushik,0.798
1763814493.3884711,3,Koushik,0.772
1763814493.563787,3,Koushik,0.817
1763814493.7205892,3,Koushik,0.818
1763814493.8948119,3,Koushik,0.856
1763814494.053886,3,Koushik,0.843
1763814494.353864,3,Koushik,0.849
1763814494.3538702,4,Unknown,-0.095
1763814494.5301828,3,Koushik,0.860
1763814494.689151,3,Koushik,0.805
1763814494.8650272,3,Koushik,0.767
1763814495.020736,3,Koushik,0.865
1763814495.197611,3,Koushik,0.874
1763814495.3543758,3,Koushik,0.891
1763814495.5460649,3,Koushik,0.864
1763814495.725394,3,Koushik,0.872
1763814495.898376,3,Koushik,0.874
1763814496.062175,3,Koushik,0.867
1763814496.2313259,3,Koushik,0.851
1763814496.39471,3,Koushik,0.846
1763814496.557267,3,Koushik,0.814
1763814496.725903,3,Koushik,0.691
1763814496.927851,3,Unknown,0.586
1763814497.1282299,3,Unknown,0.551
1763814497.328025,3,Unknown,0.502
1763814497.519222,3,Unknown,0.469
1763814497.728672,3,Unknown,0.401
1763814497.9222558,3,Unknown,0.375
1763814498.132246,3,Unknown,0.362
1763814498.327785,3,Unknown,0.371
1763814498.531478,3,Unknown,0.346
1763814498.72721,3,Unknown,0.229
1763814499.897912,5,Unknown,0.406
1763814500.0982962,5,Unknown,0.520
1763814500.2990289,5,Koushik,0.703
1763814500.492857,5,Koushik,0.798
1763814500.6870568,5,Koushik,0.800
1763814500.8775182,5,Koushik,0.823
1763814501.077854,5,Koushik,0.809
1763814501.275059,5,Koushik,0.819
1763814501.4965491,5,Koushik,0.806
1763814501.686722,5,Koushik,0.815
1763814501.881817,5,Koushik,0.822
1763814502.0959191,5,Koushik,0.822
1763814502.296541,5,Koushik,0.824
1763814502.4946969,5,Koushik,0.833
1763814502.698758,5,Koushik,0.832
1763814502.892029,5,Koushik,0.835
1763814503.0983381,5,Koushik,0.834
1763814503.296263,5,Koushik,0.835
1763814503.491943,5,Koushik,0.827
1763814503.696434,5,Koushik,0.834
1763814503.897485,5,Koushik,0.829
1763814504.099394,5,Koushik,0.834
1763814504.29405,5,Koushik,0.832
1763814504.501027,5,Koushik,0.829
1763814504.6991081,5,Koushik,0.831
1763814504.9025211,5,Koushik,0.831
1763814505.1095412,5,Koushik,0.832
1763814505.31124,5,Koushik,0.815
1763814505.511946,5,Koushik,0.834
1763814505.7028139,5,Koushik,0.812
1763814505.9109068,5,Koushik,0.838
1763814506.1054878,5,Koushik,0.860
1763814506.299426,5,Koushik,0.880
1763814506.456063,5,Koushik,0.870
1763814506.63327,5,Koushik,0.851
1763814506.799547,5,Koushik,0.847
1763814506.9793081,5,Koushik,0.870
1763814507.1306298,5,Koushik,0.827
1763814507.311434,5,Koushik,0.846
1763814507.466244,5,Koushik,0.847
1763814507.627135,5,Koushik,0.848
1763814507.809877,5,Koushik,0.867
1763814507.9778821,5,Koushik,0.855
1763814508.1258261,5,Koushik,0.866
1763814508.306626,5,Koushik,0.855
1763814508.4646661,5,Koushik,0.850
1763814508.633322,5,Koushik,0.831
1763814508.826587,5,Koushik,0.807
1763814508.9895911,5,Koushik,0.820
1763814509.161843,5,Koushik,0.777
1763814509.330484,5,Unknown,0.372
1763814509.5764742,5,Koushik,0.638
1763814509.8067389,5,Koushik,0.607
1763814510.026377,5,Koushik,0.666
1763814510.297405,5,Koushik,0.688
1763814510.537718,5,Koushik,0.793
1763814510.7776608,5,Koushik,0.850
1763814511.01697,5,Koushik,0.820
1763814511.266631,5,Koushik,0.825
1763814511.498841,5,Koushik,0.860
1763814511.748757,5,Koushik,0.809
1763814511.9796412,5,Koushik,0.855
1763814512.22945,5,Koushik,0.846
1763814512.482513,5,Koushik,0.860
1763814512.7049658,5,Koushik,0.864
1763814512.950439,5,Koushik,0.850
1763814513.180455,5,Koushik,0.842
1763814513.416471,5,Koushik,0.806
1763814513.660383,5,Koushik,0.808
1763814513.907614,5,Koushik,0.798
1763814514.18519,5,Koushik,0.781
1763814514.4619808,5,Koushik,0.827
1763814514.683616,5,Koushik,0.765
1763814514.932032,5,Koushik,0.800
1763814515.177085,5,Koushik,0.760
1763814515.4090838,5,Koushik,0.811
1763814515.659641,5,Koushik,0.825
1763814515.888872,5,Koushik,0.815
1763814516.144227,5,Koushik,0.804
1763814516.374909,5,Koushik,0.819
timestamp,track_id,name,score
1763814878.036116,1,Unknown,-0.061
1763814878.294741,1,Koushik,0.652
1763814878.554444,1,Koushik,0.727
1763814878.761649,1,Koushik,0.791
1763814878.99708,1,Koushik,0.815
1763814879.244873,1,Koushik,0.847
1763814879.4938428,1,Koushik,0.825
1763814879.730747,1,Koushik,0.830
1763814879.9697359,1,Koushik,0.821
1763814880.228287,1,Koushik,0.821
1763814880.4677372,1,Koushik,0.846
1763814880.711039,1,Koushik,0.841
1763814880.951404,1,Koushik,0.810
1763814881.1954272,1,Koushik,0.836
1763814881.4266639,1,Koushik,0.797
1763814881.665303,1,Koushik,0.822
1763814881.919054,1,Koushik,0.824
1763814882.1612868,1,Koushik,0.816
1763814882.398056,1,Koushik,0.822
1763814882.6360152,1,Koushik,0.848
1763814882.8639832,1,Koushik,0.832
1763814883.114911,1,Koushik,0.823
1763814883.3476312,1,Koushik,0.810
1763814883.597866,1,Koushik,0.830
1763814883.833249,1,Koushik,0.827
1763814884.103798,1,Koushik,0.832
1763814884.368087,1,Koushik,0.801
1763814884.627552,1,Koushik,0.851
1763814884.860023,1,Koushik,0.846
1763814885.109518,1,Koushik,0.817
1763814885.336033,1,Koushik,0.828
1763814885.58188,1,Koushik,0.828
1763814885.836939,1,Koushik,0.840
1763814886.0931048,1,Koushik,0.858
1763814886.369359,1,Koushik,0.849
1763814886.645447,1,Koushik,0.775
1763814886.891056,1,Koushik,0.780
1763814887.108968,1,Koushik,0.788
1763814887.359642,1,Koushik,0.774
1763814887.607222,1,Koushik,0.732
1763814887.83374,1,Koushik,0.783
1763814888.098343,1,Koushik,0.775
1763814888.3459158,1,Koushik,0.762
1763814888.58032,1,Koushik,0.793
timestamp,track_id,name,score
1763815006.013294,1,Unknown,-0.011
1763815006.251049,1,Koushik,0.610
1763815006.52296,1,Koushik,0.745
1763815006.7244658,1,Koushik,0.763
1763815006.9700658,1,Koushik,0.783
1763815007.210617,1,Koushik,0.815
1763815007.4622688,1,Koushik,0.839
1763815007.702873,1,Koushik,0.860
1763815007.949727,1,Koushik,0.863
1763815008.196464,1,Koushik,0.847
1763815008.443058,1,Koushik,0.896
1763815008.678893,1,Koushik,0.879
1763815008.915948,1,Koushik,0.854
1763815009.15084,1,Koushik,0.812
1763815009.398023,1,Koushik,0.846
1763815009.645695,1,Koushik,0.840
1763815009.8713999,1,Koushik,0.820
1763815010.128673,1,Koushik,0.841
1763815010.359673,1,Koushik,0.857
1763815010.612438,1,Koushik,0.839
1763815010.844218,1,Koushik,0.846
1763815011.08034,1,Koushik,0.844
1763815011.323825,1,Koushik,0.822
1763815011.553592,1,Koushik,0.853
1763815011.7996202,1,Koushik,0.816
1763815012.037199,1,Koushik,0.829
1763815012.2775831,1,Koushik,0.829
1763815012.530166,1,Koushik,0.820
1763815012.769266,1,Koushik,0.839
1763815013.002867,1,Koushik,0.857
1763815013.250261,1,Koushik,0.842
1763815013.486919,1,Koushik,0.808
1763815013.729289,1,Koushik,0.872
1763815013.969572,1,Koushik,0.896
1763815014.2117581,1,Koushik,0.616
1763815014.442361,1,Unknown,0.375
1763815014.6958551,1,Koushik,0.631
1763815014.945865,1,Koushik,0.816
1763815015.146624,1,Koushik,0.856
1763815015.384108,1,Koushik,0.787
1763815015.6444402,1,Koushik,0.869
1763815015.8713741,1,Koushik,0.872
1763815016.105951,1,Koushik,0.854
1763815016.37695,1,Koushik,0.849
1763815016.6201909,1,Koushik,0.836
1763815016.861459,1,Koushik,0.824
1763815017.09972,1,Koushik,0.867
1763815017.336982,1,Koushik,0.866
1763815017.583719,1,Koushik,0.847
1763815017.8217301,1,Koushik,0.835
1763815018.0630631,1,Koushik,0.833
1763815018.30969,1,Koushik,0.832
1763815018.545194,1,Koushik,0.867
1763815018.787219,1,Koushik,0.887
1763815019.016407,1,Koushik,0.845
1763815019.262451,1,Koushik,0.840
1763815019.501271,1,Koushik,0.839
1763815019.759607,1,Koushik,0.853
1763815020.008993,1,Koushik,0.848
1763815020.227535,1,Koushik,0.869
1763815020.491005,1,Koushik,0.832
1763815020.724119,1,Koushik,0.820
1763815020.996522,1,Koushik,0.828
1763815021.248804,1,Koushik,0.800
1763815021.4951942,1,Koushik,0.825
1763815021.729113,1,Koushik,0.831
1763815021.9771461,1,Koushik,0.824
timestamp,track_id,name,score
1763815101.1889029,1,Unknown,-0.033
1763815101.449373,1,Unknown,
1763815101.695575,1,Unknown,
1763815101.9292202,1,Unknown,
1763815102.178837,1,Unknown,
1763815102.413306,1,Unknown,
1763815102.648345,1,Unknown,
1763815102.900203,1,Unknown,
1763815103.131613,1,Unknown,
1763815103.382638,1,Unknown,
1763815103.632371,1,Unknown,
1763815103.8639371,1,Unknown,
1763815104.113339,1,Unknown,
1763815104.3483908,1,Unknown,
1763815104.588201,1,Unknown,
1763815104.8324852,1,Unknown,
1763815105.0728772,1,Unknown,
1763815105.312883,1,Unknown,
1763815105.561413,1,Unknown,
1763815105.802607,1,Unknown,
1763815106.045352,1,Unknown,
1763815106.277077,1,Unknown,
1763815106.5279691,1,Unknown,
1763815106.757375,1,Unknown,
1763815106.9993339,1,Unknown,
1763815107.244755,1,Unknown,
1763815107.47943,1,Unknown,
1763815107.715803,1,Unknown,
1763815107.9428108,1,Unknown,
1763815108.1811168,1,Unknown,
1763815108.44485,1,Unknown,
1763815108.677674,1,Unknown,
1763815108.926492,1,Unknown,
1763815109.165327,1,Unknown,
1763815109.402014,1,Unknown,
1763815109.647754,1,Unknown,
1763815109.883512,1,Unknown,
1763815110.129311,1,Unknown,
1763815110.364172,1,Unknown,
1763815110.6039748,1,Unknown,
1763815110.8471522,1,Unknown,
1763815111.0882869,2,Unknown,0.141
1763815111.807626,3,Koushik,0.671
1763815112.0495949,3,Unknown,
1763815112.288825,3,Unknown,
1763815112.546049,3,Unknown,
1763815112.768121,3,Unknown,
1763815113.014428,3,Unknown,
1763815113.259917,3,Unknown,
1763815113.512924,3,Unknown,
1763815113.739769,3,Unknown,
1763815113.975957,3,Unknown,
1763815114.213994,3,Unknown,
1763815114.4589922,3,Unknown,
1763815114.696775,3,Unknown,
1763815114.935442,3,Unknown,
1763815115.187438,3,Unknown,
1763815115.428551,3,Unknown,
1763815115.669405,3,Unknown,
1763815115.9127839,3,Unknown,
1763815116.140942,3,Unknown,
1763815116.3663812,3,Unknown,
1763815116.624751,3,Unknown,
1763815116.9713469,3,Unknown,
1763815116.971354,4,Unknown,-0.074
1763815117.2112849,3,Unknown,
1763815117.465626,3,Unknown,
1763815117.707826,3,Unknown,
1763815117.966263,3,Unknown,
1763815118.212992,3,Unknown,
1763815118.213001,5,Unknown,-0.005
1763815118.498996,3,Unknown,
1763815118.7288918,3,Unknown,
1763815118.978438,3,Unknown,
1763815119.20912,3,Unknown,
1763815119.4492009,3,Unknown,
1763815119.6904588,3,Unknown,
1763815119.9631438,3,Unknown,
1763815119.963153,6,Unknown,-0.050
1763815120.234159,3,Unknown,
1763815120.4658308,3,Unknown,
1763815120.7321339,3,Unknown,
1763815120.9441879,3,Unknown,
1763815121.174572,3,Unknown,
1763815121.439439,3,Unknown,
1763815121.691173,3,Unknown,
1763815121.913713,3,Unknown,
1763815122.154665,3,Unknown,
1763815122.3980281,3,Unknown,
1763815122.631752,3,Unknown,
1763815122.8746371,3,Unknown,
timestamp,track_id,name,score
1763815241.342602,1,Unknown,0.175
1763815241.585514,1,Unknown,
1763815241.832614,1,Unknown,
1763815242.062853,1,Unknown,
1763815242.308846,1,Unknown,
1763815242.545723,1,Unknown,
1763815242.7967129,1,Unknown,
1763815243.02797,1,Unknown,
1763815243.282563,1,Unknown,
1763815243.521419,1,Unknown,
1763815243.7649128,1,Unknown,
1763815244.011949,1,Unknown,
1763815244.241554,1,Unknown,
1763815244.496207,1,Unknown,
1763815244.7227361,1,Unknown,
1763815244.965248,1,Unknown,
1763815245.2025359,1,Unknown,
1763815245.448323,1,Unknown,
1763815245.689634,1,Unknown,
1763815245.929642,1,Unknown,
1763815246.174195,1,Unknown,
1763815246.415943,1,Unknown,
1763815246.647323,1,Unknown,
1763815246.897475,1,Unknown,
1763815247.147244,1,Unknown,
1763815247.3799412,1,Unknown,
1763815247.6152089,1,Unknown,
1763815247.85471,1,Unknown,
1763815248.112329,1,Unknown,
1763815248.3457532,1,Unknown,
1763815248.580116,1,Unknown,
1763815248.817628,1,Unknown,
1763815249.064137,1,Unknown,
1763815249.300989,1,Unknown,
1763815249.551062,1,Unknown,
1763815249.776509,1,Unknown,
1763815250.0355551,1,Unknown,
1763815250.244719,1,Unknown,
1763815250.5016582,1,Unknown,
1763815250.748068,1,Unknown,
1763815250.9946089,1,Unknown,
1763815251.2203772,1,Unknown,
1763815251.476904,1,Unknown,
1763815251.6968079,1,Unknown,
1763815251.956915,1,Unknown,
1763815252.192228,1,Unknown,
1763815252.442015,1,Unknown,
1763815252.714436,1,Unknown,
1763815252.9631848,1,Unknown,
1763815253.216916,1,Unknown,
1763815253.459564,1,Unknown,
1763815253.695316,1,Unknown,
1763815253.921899,1,Unknown,
1763815254.165971,1,Unknown,
timestamp,track_id,name,score
1763815664.01943,1,Unknown,-0.012
1763815664.238656,1,Unknown,
1763815664.511752,1,Unknown,
1763815664.715727,1,Unknown,
1763815664.956042,1,Unknown,
1763815665.192568,1,Unknown,
1763815665.4371579,1,Unknown,
1763815665.6809971,1,Unknown,
1763815665.928865,1,Unknown,
1763815666.180783,1,Unknown,
1763815666.423609,1,Unknown,
1763815666.671668,1,Unknown,
1763815666.906975,1,Unknown,
1763815667.147137,1,Unknown,
1763815667.386372,1,Unknown,
1763815667.6263108,1,Unknown,
1763815667.8611908,1,Unknown,
1763815668.109474,1,Unknown,
1763815668.3467982,1,Unknown,
1763815668.59253,1,Unknown,
1763815668.831491,1,Unknown,
1763815669.075618,1,Unknown,
1763815669.309928,1,Unknown,
1763815669.557585,1,Unknown,
1763815669.7917361,1,Unknown,
1763815670.039948,1,Unknown,
1763815670.271202,1,Unknown,
1763815670.508372,1,Unknown,
1763815670.7480462,1,Unknown,
1763815670.9934368,1,Unknown,
1763815671.239445,1,Unknown,
1763815671.489229,1,Unknown,
1763815671.722412,1,Unknown,
1763815671.964583,1,Unknown,
1763815672.192944,1,Unknown,
1763815673.986371,1,Unknown,
1763815674.263422,1,Unknown,
1763815674.48441,1,Unknown,
1763815674.703372,1,Unknown,
1763815674.95439,1,Unknown,
1763815675.188235,1,Unknown,
1763815675.4402041,1,Unknown,
1763815675.689439,1,Unknown,
1763815675.925637,1,Unknown,
1763815676.166542,1,Unknown,
1763815676.40747,1,Unknown,
1763815676.6445131,1,Unknown,
timestamp,track_id,name,score
1763815730.6133919,1,Koushik,0.847
1763815730.790164,1,Unknown,
1763815730.964677,1,Unknown,
1763815731.128035,1,Unknown,
1763815731.288736,1,Unknown,
1763815731.443771,1,Unknown,
1763815731.6038852,1,Unknown,
1763815731.7735832,1,Unknown,
1763815731.925133,1,Unknown,
1763815732.0727649,1,Unknown,
1763815732.2398632,1,Unknown,
1763815732.403754,1,Unknown,
1763815732.574175,1,Unknown,
1763815732.7360399,1,Unknown,
1763815732.909773,1,Unknown,
1763815733.071139,1,Unknown,
1763815733.243704,1,Unknown,
1763815733.411872,1,Unknown,
1763815733.575684,1,Unknown,
1763815733.745501,1,Unknown,
1763815733.907418,1,Unknown,
1763815734.071148,1,Unknown,
1763815734.241812,1,Unknown,
1763815734.402754,1,Unknown,
1763815734.575989,1,Unknown,
1763815734.742052,1,Unknown,
1763815734.9240792,1,Unknown,
1763815735.073867,1,Unknown,
1763815735.240747,1,Unknown,
1763815735.422059,1,Unknown,
1763815735.5649972,1,Unknown,
1763815735.740711,1,Unknown,
1763815735.900052,1,Unknown,
1763815736.0753431,1,Unknown,
1763815736.2375412,1,Unknown,
1763815736.4074528,1,Unknown,
1763815736.569684,1,Unknown,
1763815736.7550359,1,Unknown,
1763815736.907764,1,Unknown,
1763815737.070177,1,Unknown,
1763815737.241826,1,Unknown,
1763815737.402189,1,Unknown,
1763815737.574948,1,Unknown,
1763815737.732076,1,Unknown,
1763815737.90742,1,Unknown,
1763815738.0697758,1,Unknown,
1763815738.2394922,1,Unknown,
1763815738.47899,2,Unknown,0.228
1763815738.478996,3,Koushik,0.698
1763815738.65426,4,Koushik,0.751
1763815738.6542678,5,Unknown,0.403
1763815738.8087099,4,Unknown,
1763815738.808715,5,Unknown,
1763815738.9767702,4,Unknown,
1763815738.976776,5,Unknown,
1763815739.1381829,4,Unknown,
1763815739.1381881,5,Unknown,
1763815739.307571,4,Unknown,
1763815739.3075771,5,Unknown,
1763815739.486506,4,Unknown,
1763815739.4865239,5,Unknown,
1763815739.661073,4,Unknown,
1763815739.661079,5,Unknown,
1763815739.859209,4,Unknown,
1763815739.859218,5,Unknown,
1763815740.052638,4,Unknown,
1763815740.052649,5,Unknown,
1763815740.213491,4,Unknown,
1763815740.2134972,5,Unknown,
1763815740.376866,4,Unknown,
1763815740.3768718,5,Unknown,
1763815740.542743,4,Unknown,
1763815740.542749,5,Unknown,
1763815740.708406,4,Unknown,
1763815740.708413,5,Unknown,
1763815740.880904,4,Unknown,
1763815740.880911,5,Unknown,
1763815741.0383759,4,Unknown,
1763815741.038381,5,Unknown,
1763815741.21157,4,Unknown,
1763815741.2115772,5,Unknown,
1763815741.373354,4,Unknown,
1763815741.3733602,5,Unknown,
1763815741.543346,4,Unknown,
1763815741.5433578,5,Unknown,
1763815741.703821,5,Unknown,
1763815741.87394,5,Unknown,
1763815742.035198,5,Unknown,
1763815742.203255,5,Unknown,
1763815742.381186,5,Unknown,
1763815742.539404,5,Unknown,
1763815742.708367,5,Unknown,
1763815742.889032,5,Unknown,
1763815742.889056,6,Unknown,0.112
1763815743.042549,5,Unknown,
1763815743.204436,5,Unknown,
1763815743.3747368,5,Unknown,
1763815743.53904,5,Unknown,
1763815743.53905,7,Unknown,0.011
1763815743.708173,5,Unknown,
1763815743.8691342,5,Unknown,
1763815744.04285,5,Unknown,
1763815744.203419,8,Unknown,0.429
1763815744.3760629,9,Unknown,0.310
1763815745.093659,10,Unknown,-0.033
1763815745.093666,11,Koushik,0.605
1763815745.234478,12,Koushik,0.722
1763815745.410882,12,Unknown,
1763815745.56977,12,Unknown,
1763815745.7431722,12,Unknown,
1763815745.902147,12,Unknown,
1763815746.0766022,12,Unknown,
1763815746.2359989,12,Unknown,
1763815746.409625,12,Unknown,
1763815746.5699992,12,Unknown,
1763815746.760201,12,Unknown,
1763815746.9301708,12,Unknown,
1763815747.093208,12,Unknown,
1763815747.256553,12,Unknown,
1763815747.39318,12,Unknown,
1763815747.56905,12,Unknown,
1763815747.73948,12,Unknown,
1763815747.90049,12,Unknown,
1763815748.0725608,12,Unknown,
1763815748.228412,12,Unknown,
1763815748.373111,12,Unknown,
1763815748.535359,12,Unknown,
1763815748.721023,12,Unknown,
1763815748.865536,12,Unknown,
1763815749.035198,12,Unknown,
1763815749.201529,12,Unknown,
1763815749.366362,12,Unknown,
1763815749.543355,12,Unknown,
1763815749.703995,12,Unknown,
1763815749.876812,12,Unknown,
1763815750.034616,12,Unknown,
1763815750.208868,12,Unknown,
1763815751.0419421,13,Koushik,0.614
1763815751.209167,13,Unknown,
1763815751.377187,13,Unknown,
1763815751.535924,13,Unknown,
1763815751.7206268,13,Unknown,
1763815751.865361,13,Unknown,
1763815752.031873,13,Unknown,
1763815752.2048619,13,Unknown,
1763815752.376402,13,Unknown,
1763815752.5436952,13,Unknown,
1763815752.7105012,13,Unknown,
1763815752.871308,13,Unknown,
1763815753.0435998,13,Unknown,
1763815753.203372,13,Unknown,
1763815753.384074,13,Unknown,
1763815753.537281,13,Unknown,
1763815753.711526,13,Unknown,
1763815753.874969,13,Unknown,
1763815754.03714,13,Unknown,
1763815754.220782,13,Unknown,
1763815754.368315,13,Unknown,
1763815754.544159,13,Unknown,
1763815754.706558,13,Unknown,
1763815754.8968909,13,Unknown,
1763815755.069005,13,Unknown,
1763815755.245003,13,Unknown,
1763815755.403848,13,Unknown,
1763815755.577847,13,Unknown,
1763815755.747835,13,Unknown,
1763815755.9338,13,Unknown,
1763815756.136385,13,Unknown,
1763815756.338737,13,Unknown,
1763815756.5164669,13,Unknown,
1763815756.682313,13,Unknown,
1763815756.851698,13,Unknown,
1763815757.002433,13,Unknown,
1763815757.175554,13,Unknown,
1763815757.334359,13,Unknown,
1763815757.5096781,13,Unknown,
1763815757.669046,13,Unknown,
1763815757.841439,13,Unknown,
1763815758.0022101,13,Unknown,
1763815758.175188,13,Unknown,
1763815758.334707,13,Unknown,
1763815758.5177221,13,Unknown,
1763815758.676527,13,Unknown,
1763815758.836786,13,Unknown,
1763815759.0104058,13,Unknown,
1763815759.176126,13,Unknown,
1763815759.3431501,13,Unknown,
1763815759.506494,13,Unknown,
1763815759.6770592,13,Unknown,
1763815759.839919,13,Unknown,
1763815760.0093231,13,Unknown,
1763815760.17378,13,Unknown,
1763815760.3547761,13,Unknown,
1763815760.508401,13,Unknown,
1763815760.667072,13,Unknown,
1763815760.8437262,13,Unknown,
1763815761.0015302,13,Unknown,
1763815761.174816,13,Unknown,
1763815761.332135,13,Unknown,
1763815761.519611,13,Unknown,
1763815761.6773329,13,Unknown,
1763815761.840779,13,Unknown,
1763815762.009501,13,Unknown,
1763815762.170316,13,Unknown,
1763815762.3414452,13,Unknown,
1763815762.50686,13,Unknown,
1763815762.684603,13,Unknown,
1763815762.843204,13,Unknown,
1763815763.017815,13,Unknown,
1763815763.1725929,13,Unknown,
1763815763.3288808,13,Unknown,
1763815763.506919,13,Unknown,
1763815763.660291,13,Unknown,
1763815763.849153,13,Unknown,
1763815764.0097878,13,Unknown,
1763815764.17025,13,Unknown,
1763815764.340205,13,Unknown,
1763815764.4988558,13,Unknown,
1763815764.677515,13,Unknown,
1763815764.842769,13,Unknown,
1763815765.003312,13,Unknown,
1763815765.1800792,13,Unknown,
1763815765.3428018,13,Unknown,
1763815765.503388,13,Unknown,
timestamp,track_id,name,score
1763816477.657463,1,Unknown,-0.030
1763816477.928612,1,Koushik,0.710
1763816478.138693,1,Koushik,0.710
1763816478.378528,1,Koushik,0.710
1763816478.629601,1,Koushik,0.710
1763816478.8678138,1,Koushik,0.710
1763816479.114327,1,Koushik,0.710
1763816479.366657,1,Koushik,0.710
1763816479.61458,1,Koushik,0.710
1763816479.85516,1,Koushik,0.710
1763816480.084803,1,Koushik,0.710
1763816480.3359702,1,Koushik,0.710
1763816480.5820212,1,Koushik,0.710
1763816480.819326,1,Koushik,0.710
1763816481.057415,1,Koushik,0.710
1763816481.303178,1,Koushik,0.710
1763816481.535594,1,Koushik,0.710
1763816481.778295,1,Koushik,0.710
1763816482.01714,1,Koushik,0.710
1763816482.260525,1,Koushik,0.710
1763816482.497677,1,Koushik,0.710
1763816482.749429,1,Koushik,0.710
1763816482.984498,1,Koushik,0.710
1763816483.219695,1,Koushik,0.710
1763816483.4694898,1,Koushik,0.710
1763816483.7005,1,Koushik,0.710
1763816483.944602,1,Koushik,0.710
1763816484.186332,1,Koushik,0.710
1763816484.430836,1,Koushik,0.710
1763816484.671472,1,Koushik,0.710
1763816484.909773,1,Koushik,0.710
1763816485.153952,1,Koushik,0.710
1763816486.1202931,2,Unknown,0.401
1763816486.358592,2,Koushik,0.691
1763816486.5958478,2,Koushik,0.691
1763816486.832115,2,Koushik,0.691
1763816487.074254,2,Koushik,0.691
1763816487.3182778,2,Koushik,0.691
1763816487.5671198,2,Koushik,0.691
1763816487.798143,2,Koushik,0.691
1763816488.03376,2,Koushik,0.691
1763816488.284884,2,Koushik,0.691
1763816488.516453,2,Koushik,0.691
1763816488.762204,2,Koushik,0.691
1763816489.002594,2,Koushik,0.691
1763816489.250433,2,Koushik,0.691
1763816489.478276,2,Koushik,0.691
1763816489.764396,2,Koushik,0.691
1763816490.0234082,2,Koushik,0.691
1763816490.257041,2,Koushik,0.691
1763816490.5058932,2,Koushik,0.691
1763816490.743961,2,Koushik,0.691
1763816490.994604,2,Koushik,0.691
1763816491.220051,2,Koushik,0.691
1763816491.461426,3,Unknown,0.153
1763816492.76354,4,Unknown,0.373
1763816493.018571,4,Koushik,0.660
1763816493.247227,4,Koushik,0.660
1763816493.492295,4,Koushik,0.660
1763816493.738761,4,Koushik,0.660
1763816493.973691,4,Koushik,0.660
1763816494.217077,4,Koushik,0.660
1763816494.457381,4,Koushik,0.660
1763816494.7026792,4,Koushik,0.660
1763816494.9421701,4,Koushik,0.660
1763816495.1870341,4,Koushik,0.660
1763816495.42164,4,Koushik,0.660
1763816495.65904,4,Koushik,0.660
1763816495.895,4,Koushik,0.660
1763816496.151024,4,Koushik,0.660
1763816496.38129,4,Koushik,0.660
1763816496.621304,4,Koushik,0.660
1763816496.859326,4,Koushik,0.660
1763816497.103594,4,Koushik,0.660
1763816497.3474188,4,Koushik,0.660
1763816497.6010208,4,Koushik,0.660
1763816497.8205068,4,Koushik,0.660
1763816498.069081,4,Koushik,0.660
1763816498.313705,4,Koushik,0.660
1763816498.553922,4,Koushik,0.660
1763816498.794253,4,Koushik,0.660
1763816499.028451,4,Koushik,0.660
1763816499.269553,4,Koushik,0.660
1763816499.512135,4,Koushik,0.660
1763816499.771969,4,Koushik,0.660
1763816500.0026119,4,Koushik,0.660
1763816500.234645,4,Koushik,0.660
1763816500.486209,4,Koushik,0.660
1763816500.707084,4,Koushik,0.660
1763816500.956536,4,Koushik,0.660
1763816501.2005498,4,Koushik,0.660
1763816501.432696,4,Koushik,0.660
1763816501.678821,4,Koushik,0.660
1763816501.908415,4,Koushik,0.660
1763816504.828776,5,Koushik,0.813
1763816505.079236,5,Koushik,0.813
1763816505.323453,5,Koushik,0.813
1763816505.583165,5,Koushik,0.813
1763816505.8164108,5,Koushik,0.813
1763816506.0554938,5,Koushik,0.813
1763816506.3110988,5,Koushik,0.813
1763816506.5542452,5,Koushik,0.813
1763816506.795053,5,Koushik,0.813
1763816507.035051,5,Koushik,0.813
1763816507.2719228,5,Koushik,0.813
1763816507.531429,5,Koushik,0.813
1763816507.752162,5,Koushik,0.813
1763816507.99306,5,Koushik,0.813
1763816508.233981,5,Koushik,0.813
1763816510.65346,6,Koushik,0.755
1763816510.8873348,6,Koushik,0.755
1763816511.131728,6,Koushik,0.755
1763816511.368408,6,Koushik,0.755
1763816511.612211,6,Koushik,0.755
1763816511.854315,6,Koushik,0.755
1763816512.182501,6,Koushik,0.755
1763816512.182507,7,Unknown,0.190
1763816512.4436831,6,Koushik,0.755
1763816512.701042,6,Koushik,0.755
1763816512.948385,6,Koushik,0.755
1763816513.152329,6,Koushik,0.755
1763816513.389801,6,Koushik,0.755
1763816513.633256,6,Koushik,0.755
1763816513.8805618,6,Koushik,0.755
1763816514.1221602,6,Koushik,0.755
1763816514.373826,6,Koushik,0.755
1763816514.6212978,6,Koushik,0.755
1763816514.8644302,6,Koushik,0.755
1763816515.101454,6,Koushik,0.755
1763816515.339416,6,Koushik,0.755
1763816515.5725708,6,Koushik,0.755
1763816518.598635,8,Koushik,0.652
1763816518.837321,8,Koushik,0.652
1763816519.0703208,8,Koushik,0.652
1763816519.307307,8,Koushik,0.652
1763816519.5542579,8,Koushik,0.652
1763816519.7912488,8,Koushik,0.652
1763816520.036049,8,Koushik,0.652
1763816520.275595,8,Koushik,0.652
1763816520.5079832,8,Koushik,0.652
1763816520.7513049,8,Koushik,0.652
1763816520.9994051,8,Koushik,0.652
1763816521.234758,8,Koushik,0.652
1763816521.4688928,8,Koushik,0.652
1763816521.718434,8,Koushik,0.652
1763816521.952509,8,Koushik,0.652
1763816522.199751,8,Koushik,0.652
1763816522.431663,8,Koushik,0.652
1763816522.6753302,8,Koushik,0.652
1763816522.919522,8,Koushik,0.652
1763816523.1675148,8,Koushik,0.652
1763816523.403349,8,Koushik,0.652
1763816523.634038,8,Koushik,0.652
1763816523.8867772,8,Koushik,0.652
1763816524.117068,8,Koushik,0.652
1763816524.368903,8,Koushik,0.652
1763816524.603359,8,Koushik,0.652
1763816524.850262,8,Koushik,0.652
1763816525.089229,8,Koushik,0.652
1763816525.334191,8,Koushik,0.652
1763816525.568502,8,Koushik,0.652
1763816525.8175318,8,Koushik,0.652
1763816526.0407329,8,Koushik,0.652
1763816526.288425,8,Koushik,0.652
1763816526.5316281,8,Koushik,0.652
1763816526.77057,8,Koushik,0.652
1763816527.012535,8,Koushik,0.652
1763816527.253789,8,Koushik,0.652
1763816527.495438,8,Koushik,0.652
1763816527.73678,8,Koushik,0.652
1763816527.984353,8,Koushik,0.652
1763816528.226342,8,Koushik,0.652
1763816528.468941,8,Koushik,0.652
1763816528.702938,8,Koushik,0.652
1763816528.950016,8,Koushik,0.652
1763816529.186172,8,Koushik,0.652
1763816529.421043,8,Koushik,0.652
1763816529.668285,8,Koushik,0.652
1763816529.902325,8,Koushik,0.652
1763816530.139466,8,Koushik,0.652
1763816530.388397,8,Koushik,0.652
1763816530.614246,8,Koushik,0.652
1763816530.868223,8,Koushik,0.652
1763816532.267849,9,Koushik,0.790
1763816532.524447,9,Koushik,0.790
1763816532.766227,9,Koushik,0.790
1763816533.011668,9,Koushik,0.790
1763816533.257128,9,Koushik,0.790
1763816533.502889,9,Koushik,0.790
1763816533.736171,9,Koushik,0.790
1763816534.0025148,9,Koushik,0.790
1763816534.236737,9,Koushik,0.790
1763816534.471786,9,Koushik,0.790
1763816534.71203,9,Koushik,0.790
1763816534.953286,9,Koushik,0.790
1763816535.1955352,9,Koushik,0.790
1763816535.422648,9,Koushik,0.790
1763816535.6754408,9,Koushik,0.790
1763816535.918404,9,Koushik,0.790
1763816538.335145,10,Koushik,0.646
1763816538.56755,10,Koushik,0.646
1763816538.812524,10,Koushik,0.646
1763816539.049123,10,Koushik,0.646
1763816539.287374,10,Koushik,0.646
1763816539.526189,10,Koushik,0.646
1763816539.770762,10,Koushik,0.646
1763816540.0047271,10,Koushik,0.646
1763816540.2536871,10,Koushik,0.646
1763816540.490846,10,Koushik,0.646
1763816540.7374809,10,Koushik,0.646
1763816540.9696372,10,Koushik,0.646
1763816541.207971,10,Koushik,0.646
1763816541.4546099,10,Koushik,0.646
1763816541.691475,10,Koushik,0.646
1763816541.9314811,10,Koushik,0.646
1763816542.1750321,10,Koushik,0.646
1763816542.418914,10,Koushik,0.646
1763816542.6613572,10,Koushik,0.646
1763816542.9038599,10,Koushik,0.646
1763816543.147634,10,Koushik,0.646
1763816543.3892748,10,Koushik,0.646
1763816543.6206772,10,Koushik,0.646
1763816545.338731,11,Koushik,0.763
1763816545.5863192,11,Koushik,0.763
1763816545.8320158,11,Koushik,0.763
1763816546.082487,11,Koushik,0.763
1763816546.31312,11,Koushik,0.763
1763816546.539968,11,Koushik,0.763
1763816546.8135738,11,Koushik,0.763
1763816547.055329,11,Koushik,0.763
1763816547.2922182,11,Koushik,0.763
1763816547.537599,11,Koushik,0.763
1763816547.7688022,11,Koushik,0.763
1763816548.008735,11,Koushik,0.763
1763816548.253153,11,Koushik,0.763
1763816548.495477,11,Koushik,0.763
1763816548.734953,11,Koushik,0.763
1763816548.983079,11,Koushik,0.763
1763816549.2152598,11,Koushik,0.763
1763816549.473336,11,Koushik,0.763
1763816549.7385259,11,Koushik,0.763
1763816550.000643,11,Koushik,0.763
1763816550.2289312,11,Koushik,0.763
1763816550.482661,11,Koushik,0.763
1763816550.7115872,11,Koushik,0.763
1763816550.946545,11,Koushik,0.763
1763816551.188583,11,Koushik,0.763
1763816551.4305432,11,Koushik,0.763
1763816551.672538,11,Koushik,0.763
